Index,FileName,LinkInstanceName,LinkInstanceId,Position_X_Meters,Position_Y_Meters,Position_Z_Meters,Cardinal_Direction,Cardinal_Angle,Snapped_To_Cardinal,Rotation_From_WorldX_Degrees,Rotation_From_ProjectNorth_Degrees,Project_North_Angle,Primary_Forward_Vector_X,Primary_Forward_Vector_Y,Primary_Forward_Vector_Z,Scale_X,Scale_Y,Scale_Z,Is_Uniform_Scale,IsMirrored,Determinant,MirrorType,BasisX_Vector_X,BasisX_Vector_Y,BasisX_Vector_Z,BasisX_HorizontalAngle,BasisX_CardinalDirection,BasisX_CardinalAngle,BasisX_SnappedAngle,BasisY_Vector_X,BasisY_Vector_Y,BasisY_Vector_Z,BasisY_HorizontalAngle,BasisY_CardinalDirection,BasisY_CardinalAngle,BasisY_SnappedAngle,BasisZ_Vector_X,BasisZ_Vector_Y,BasisZ_Vector_Z,BasisZ_HorizontalAngle,BasisZ_CardinalDirection,BasisZ_CardinalAngle,BasisZ_SnappedAngle,NegBasisX_Vector_X,NegBasisX_Vector_Y,NegBasisX_Vector_Z,NegBasisX_HorizontalAngle,NegBasisX_CardinalDirection,NegBasisX_CardinalAngle,NegBasisX_SnappedAngle,NegBasisY_Vector_X,NegBasisY_Vector_Y,NegBasisY_Vector_Z,NegBasisY_HorizontalAngle,NegBasisY_CardinalDirection,NegBasisY_CardinalAngle,NegBasisY_SnappedAngle,Matrix_Origin_X,Matrix_Origin_Y,Matrix_Origin_Z,Matrix_BasisX_X,Matrix_BasisX_Y,Matrix_BasisX_Z,Matrix_BasisY_X,Matrix_BasisY_Y,Matrix_BasisY_Z,Matrix_BasisZ_X,Matrix_BasisZ_Y,Matrix_BasisZ_Z
0,AR_1BR_A_3,AR_1BR_A_3.rvt : 26 : location <Not Shared>,1319960,17.399999,-28.3,17.1,SOUTH,270.0,270.0,-90.0,191.836799,78.1632,-0.0,-1.0,0.0,1.0,1.0,1.0,True,False,1.0,NORMAL,,,,,UNKNOWN,,,,,,,UNKNOWN,,,,,,,UNKNOWN,,,,,,,UNKNOWN,,,,,,,UNKNOWN,,,17.399999,-28.3,17.1,-1.0,0.0,0.0,-0.0,-1.0,0.0,0.0,0.0,1.0
1,AR_2BR_B_7,AR_2BR_B_7.rvt : 31 : location <Not Shared>,1319961,8.399999,-36.85,17.1,WEST,180.0,180.0,180.0,101.836799,78.1632,-1.0,0.0,0.0,1.0,1.0,1.0,True,False,1.0,NORMAL,,,,,UNKNOWN,,,,,,,UNKNOWN,,,,,,,UNKNOWN,,,,,,,UNKNOWN,,,,,,,UNKNOWN,,,8.399999,-36.85,17.1,0.0,1.0,0.0,-1.0,0.0,0.0,0.0,0.0,1.0
2,AR_3BR_B,AR_3BR_B.rvt : 45 : location <Not Shared>,1319962,8.849999,-36.85,27.3,NORTH,90.0,90.0,90.0,11.836799,78.1632,0.0,1.0,0.0,1.0,1.0,1.0,True,False,1.0,NORMAL,,,,,UNKNOWN,,,,,,,UNKNOWN,,,,,,,UNKNOWN,,,,,,,UNKNOWN,,,,,,,UNKNOWN,,,8.849999,-36.85,27.3,1.0,-0.0,0.0,0.0,1.0,0.0,0.0,0.0,1.0
3,AR_1BR_A_1,AR_1BR_A_1.rvt : 50 : location <Not Shared>,1319963,26.399999,-8.4,30.7,NORTH,90.0,90.0,90.0,11.836799,78.1632,0.0,1.0,0.0,1.0,1.0,1.0,True,False,1.0,NORMAL,,,,,UNKNOWN,,,,,,,UNKNOWN,,,,,,,UNKNOWN,,,,,,,UNKNOWN,,,,,,,UNKNOWN,,,26.399999,-8.4,30.7,1.0,-0.0,0.0,0.0,1.0,0.0,0.0,0.0,1.0
4,AR_1BR_B,AR_1BR_B.rvt : 53 : location <Not Shared>,1319964,33.549999,-13.81,30.7,EAST,0.0,0.0,-0.0,281.836799,78.1632,1.0,-0.0,0.0,1.0,1.0,1.0,True,False,1.0,NORMAL,,,,,UNKNOWN,,,,,,,UNKNOWN,,,,,,,UNKNOWN,,,,,,,UNKNOWN,,,,,,,UNKNOWN,,,33.549999,-13.81,30.7,-0.0,-1.0,0.0,1.0,-0.0,0.0,0.0,0.0,1.0
5,AR_2BR_B_1,AR_2BR_B_1.rvt : 54 : location <Not Shared>,1319965,35.399999,0.15,30.7,EAST,0.0,0.0,-0.0,281.836799,78.1632,1.0,-0.0,0.0,1.0,1.0,1.0,True,False,1.0,NORMAL,,,,,UNKNOWN,,,,,,,UNKNOWN,,,,,,,UNKNOWN,,,,,,,UNKNOWN,,,,,,,UNKNOWN,,,35.399999,0.15,30.7,-0.0,-1.0,0.0,1.0,-0.0,0.0,0.0,0.0,1.0
6,AR_2BR_B_1,AR_2BR_B_1.rvt : 124 : location <Not Shared>,1319966,17.4,-36.85,30.7,WEST,180.0,180.0,180.0,101.836799,78.1632,-1.0,0.0,0.0,1.0,1.0,1.0,True,False,1.0,NORMAL,,,,,UNKNOWN,,,,,,,UNKNOWN,,,,,,,UNKNOWN,,,,,,,UNKNOWN,,,,,,,UNKNOWN,,,17.4,-36.85,30.7,0.0,1.0,0.0,-1.0,0.0,0.0,0.0,0.0,1.0
7,AR_1BR_A_1,AR_1BR_A_1.rvt : 149 : location <Not Shared>,1319967,26.400001,-8.4,30.7,NORTH,90.0,90.0,90.0,11.8368,78.1632,-0.0,1.0,0.0,1.0,1.0,1.0,True,True,-1.0,MIRROR,,,,,UNKNOWN,,,,,,,UNKNOWN,,,,,,,UNKNOWN,,,,,,,UNKNOWN,,,,,,,UNKNOWN,,,26.400001,-8.4,30.7,-1.0,-0.0,0.0,-0.0,1.0,0.0,0.0,0.0,1.0
8,AR_1BR_B,AR_1BR_B.rvt : 153 : location <Not Shared>,1319968,19.250001,-13.81,30.7,WEST,180.0,180.0,-180.0,101.8368,78.1632,-1.0,-0.0,0.0,1.0,1.0,1.0,True,True,-1.0,MIRROR,,,,,UNKNOWN,,,,,,,UNKNOWN,,,,,,,UNKNOWN,,,,,,,UNKNOWN,,,,,,,UNKNOWN,,,19.250001,-13.81,30.7,0.0,-1.0,0.0,-1.0,-0.0,0.0,0.0,0.0,1.0
9,AR_2BR_B_1,AR_2BR_B_1.rvt : 156 : location <Not Shared>,1319969,17.400001,0.15,30.7,WEST,180.0,180.0,-180.0,101.8368,78.1632,-1.0,-0.0,0.0,1.0,1.0,1.0,True,True,-1.0,MIRROR,,,,,UNKNOWN,,,,,,,UNKNOWN,,,,,,,UNKNOWN,,,,,,,UNKNOWN,,,,,,,UNKNOWN,,,17.400001,0.15,30.7,0.0,-1.0,0.0,-1.0,-0.0,0.0,0.0,0.0,1.0
10,AR_2BR_B_1,AR_2BR_B_1.rvt : 157 : location <Not Shared>,1319970,35.4,-36.85,30.7,EAST,0.0,0.0,0.0,281.8368,78.1632,1.0,0.0,0.0,1.0,1.0,1.0,True,True,-1.0,MIRROR,,,,,UNKNOWN,,,,,,,UNKNOWN,,,,,,,UNKNOWN,,,,,,,UNKNOWN,,,,,,,UNKNOWN,,,35.4,-36.85,30.7,-0.0,1.0,0.0,1.0,0.0,0.0,0.0,0.0,1.0
11,AR_3BR_B,AR_3BR_B.rvt : 368 : location <Not Shared>,1319971,43.950001,-36.85,27.3,NORTH,90.0,90.0,90.0,11.8368,78.1632,-0.0,1.0,0.0,1.0,1.0,1.0,True,True,-1.0,MIRROR,,,,,UNKNOWN,,,,,,,UNKNOWN,,,,,,,UNKNOWN,,,,,,,UNKNOWN,,,,,,,UNKNOWN,,,43.950001,-36.85,27.3,-1.0,-0.0,0.0,-0.0,1.0,0.0,0.0,0.0,1.0
12,AR_1BR_A_3,AR_1BR_A_3.rvt : 373 : location <Not Shared>,1319972,35.400001,-28.3,17.1,SOUTH,270.0,270.0,-90.0,191.8368,78.1632,0.0,-1.0,0.0,1.0,1.0,1.0,True,True,-1.0,MIRROR,,,,,UNKNOWN,,,,,,,UNKNOWN,,,,,,,UNKNOWN,,,,,,,UNKNOWN,,,,,,,UNKNOWN,,,35.400001,-28.3,17.1,1.0,0.0,0.0,0.0,-1.0,0.0,0.0,0.0,1.0
13,AR_1BR_A_5,AR_1BR_A_5.rvt : 374 : location <Not Shared>,1319973,17.400001,-28.3,17.1,SOUTH,270.0,270.0,-90.0,191.8368,78.1632,0.0,-1.0,0.0,1.0,1.0,1.0,True,True,-1.0,MIRROR,,,,,UNKNOWN,,,,,,,UNKNOWN,,,,,,,UNKNOWN,,,,,,,UNKNOWN,,,,,,,UNKNOWN,,,17.400001,-28.3,17.1,1.0,0.0,0.0,0.0,-1.0,0.0,0.0,0.0,1.0
14,AR_1BR_A_5,AR_1BR_A_5.rvt : 375 : location <Not Shared>,1319974,35.399999,-28.3,17.1,SOUTH,270.0,270.0,-90.0,191.836799,78.1632,-0.0,-1.0,0.0,1.0,1.0,1.0,True,False,1.0,NORMAL,,,,,UNKNOWN,,,,,,,UNKNOWN,,,,,,,UNKNOWN,,,,,,,UNKNOWN,,,,,,,UNKNOWN,,,35.399999,-28.3,17.1,-1.0,0.0,0.0,-0.0,-1.0,0.0,0.0,0.0,1.0
15,AR_2BR_B_7,AR_2BR_B_7.rvt : 376 : location <Not Shared>,1319975,44.400001,-36.85,17.1,EAST,0.0,0.0,0.0,281.8368,78.1632,1.0,0.0,0.0,1.0,1.0,1.0,True,True,-1.0,MIRROR,,,,,UNKNOWN,,,,,,,UNKNOWN,,,,,,,UNKNOWN,,,,,,,UNKNOWN,,,,,,,UNKNOWN,,,44.400001,-36.85,17.1,-0.0,1.0,0.0,1.0,0.0,0.0,0.0,0.0,1.0
16,AR_3BR_A_1,AR_3BR_A_1.rvt : 383 : location <Not Shared>,1319976,17.4,-28.3,30.7,SOUTH,270.0,270.0,-90.0,191.8368,78.1632,0.0,-1.0,0.0,1.0,1.0,1.0,True,True,-1.0,MIRROR,,,,,UNKNOWN,,,,,,,UNKNOWN,,,,,,,UNKNOWN,,,,,,,UNKNOWN,,,,,,,UNKNOWN,,,17.4,-28.3,30.7,1.0,0.0,0.0,0.0,-1.0,0.0,0.0,0.0,1.0
17,AR_1BR_B,AR_1BR_B.rvt : 272 : location <Not Shared>,1319977,33.549999,-13.81,81.7,EAST,0.0,0.0,-0.0,281.836799,78.1632,1.0,-0.0,0.0,1.0,1.0,1.0,True,False,1.0,NORMAL,,,,,UNKNOWN,,,,,,,UNKNOWN,,,,,,,UNKNOWN,,,,,,,UNKNOWN,,,,,,,UNKNOWN,,,33.549999,-13.81,81.7,-0.0,-1.0,0.0,1.0,-0.0,0.0,0.0,0.0,1.0
18,AR_2BR_B_1,AR_2BR_B_1.rvt : 273 : location <Not Shared>,1319978,17.4,-36.85,81.7,WEST,180.0,180.0,180.0,101.836799,78.1632,-1.0,0.0,0.0,1.0,1.0,1.0,True,False,1.0,NORMAL,,,,,UNKNOWN,,,,,,,UNKNOWN,,,,,,,UNKNOWN,,,,,,,UNKNOWN,,,,,,,UNKNOWN,,,17.4,-36.85,81.7,0.0,1.0,0.0,-1.0,0.0,0.0,0.0,0.0,1.0
19,AR_1BR_B,AR_1BR_B.rvt : 274 : location <Not Shared>,1319979,19.250001,-13.81,81.7,WEST,180.0,180.0,-180.0,101.8368,78.1632,-1.0,-0.0,0.0,1.0,1.0,1.0,True,True,-1.0,MIRROR,,,,,UNKNOWN,,,,,,,UNKNOWN,,,,,,,UNKNOWN,,,,,,,UNKNOWN,,,,,,,UNKNOWN,,,19.250001,-13.81,81.7,0.0,-1.0,0.0,-1.0,-0.0,0.0,0.0,0.0,1.0
20,AR_2BR_B_1,AR_2BR_B_1.rvt : 275 : location <Not Shared>,1319980,35.4,-36.85,81.7,EAST,0.0,0.0,0.0,281.8368,78.1632,1.0,0.0,0.0,1.0,1.0,1.0,True,True,-1.0,MIRROR,,,,,UNKNOWN,,,,,,,UNKNOWN,,,,,,,UNKNOWN,,,,,,,UNKNOWN,,,,,,,UNKNOWN,,,35.4,-36.85,81.7,-0.0,1.0,0.0,1.0,0.0,0.0,0.0,0.0,1.0
21,AR_3BR_A_1,AR_3BR_A_1.rvt : 276 : location <Not Shared>,1319981,17.4,-28.3,81.7,SOUTH,270.0,270.0,-90.0,191.8368,78.1632,0.0,-1.0,0.0,1.0,1.0,1.0,True,True,-1.0,MIRROR,,,,,UNKNOWN,,,,,,,UNKNOWN,,,,,,,UNKNOWN,,,,,,,UNKNOWN,,,,,,,UNKNOWN,,,17.4,-28.3,81.7,1.0,0.0,0.0,0.0,-1.0,0.0,0.0,0.0,1.0
22,AR_1BR_A_1,AR_1BR_A_1.rvt : 277 : location <Not Shared>,1319982,26.399999,-8.4,34.1,NORTH,90.0,90.0,90.0,11.836799,78.1632,0.0,1.0,0.0,1.0,1.0,1.0,True,False,1.0,NORMAL,,,,,UNKNOWN,,,,,,,UNKNOWN,,,,,,,UNKNOWN,,,,,,,UNKNOWN,,,,,,,UNKNOWN,,,26.399999,-8.4,34.1,1.0,-0.0,0.0,0.0,1.0,0.0,0.0,0.0,1.0
23,AR_1BR_B,AR_1BR_B.rvt : 278 : location <Not Shared>,1319983,33.549999,-13.81,34.1,EAST,0.0,0.0,-0.0,281.836799,78.1632,1.0,-0.0,0.0,1.0,1.0,1.0,True,False,1.0,NORMAL,,,,,UNKNOWN,,,,,,,UNKNOWN,,,,,,,UNKNOWN,,,,,,,UNKNOWN,,,,,,,UNKNOWN,,,33.549999,-13.81,34.1,-0.0,-1.0,0.0,1.0,-0.0,0.0,0.0,0.0,1.0
24,AR_2BR_B_1,AR_2BR_B_1.rvt : 279 : location <Not Shared>,1319984,35.399999,0.15,34.1,EAST,0.0,0.0,-0.0,281.836799,78.1632,1.0,-0.0,0.0,1.0,1.0,1.0,True,False,1.0,NORMAL,,,,,UNKNOWN,,,,,,,UNKNOWN,,,,,,,UNKNOWN,,,,,,,UNKNOWN,,,,,,,UNKNOWN,,,35.399999,0.15,34.1,-0.0,-1.0,0.0,1.0,-0.0,0.0,0.0,0.0,1.0
25,AR_2BR_B_1,AR_2BR_B_1.rvt : 280 : location <Not Shared>,1319985,17.4,-36.85,34.1,WEST,180.0,180.0,180.0,101.836799,78.1632,-1.0,0.0,0.0,1.0,1.0,1.0,True,False,1.0,NORMAL,,,,,UNKNOWN,,,,,,,UNKNOWN,,,,,,,UNKNOWN,,,,,,,UNKNOWN,,,,,,,UNKNOWN,,,17.4,-36.85,34.1,0.0,1.0,0.0,-1.0,0.0,0.0,0.0,0.0,1.0
26,AR_1BR_A_1,AR_1BR_A_1.rvt : 281 : location <Not Shared>,1319986,26.400001,-8.4,34.1,NORTH,90.0,90.0,90.0,11.8368,78.1632,-0.0,1.0,0.0,1.0,1.0,1.0,True,True,-1.0,MIRROR,,,,,UNKNOWN,,,,,,,UNKNOWN,,,,,,,UNKNOWN,,,,,,,UNKNOWN,,,,,,,UNKNOWN,,,26.400001,-8.4,34.1,-1.0,-0.0,0.0,-0.0,1.0,0.0,0.0,0.0,1.0
27,AR_1BR_B,AR_1BR_B.rvt : 282 : location <Not Shared>,1319987,19.250001,-13.81,34.1,WEST,180.0,180.0,-180.0,101.8368,78.1632,-1.0,-0.0,0.0,1.0,1.0,1.0,True,True,-1.0,MIRROR,,,,,UNKNOWN,,,,,,,UNKNOWN,,,,,,,UNKNOWN,,,,,,,UNKNOWN,,,,,,,UNKNOWN,,,19.250001,-13.81,34.1,0.0,-1.0,0.0,-1.0,-0.0,0.0,0.0,0.0,1.0
28,AR_2BR_B_1,AR_2BR_B_1.rvt : 283 : location <Not Shared>,1319988,17.400001,0.15,34.1,WEST,180.0,180.0,-180.0,101.8368,78.1632,-1.0,-0.0,0.0,1.0,1.0,1.0,True,True,-1.0,MIRROR,,,,,UNKNOWN,,,,,,,UNKNOWN,,,,,,,UNKNOWN,,,,,,,UNKNOWN,,,,,,,UNKNOWN,,,17.400001,0.15,34.1,0.0,-1.0,0.0,-1.0,-0.0,0.0,0.0,0.0,1.0
29,AR_2BR_B_1,AR_2BR_B_1.rvt : 284 : location <Not Shared>,1319989,35.4,-36.85,34.1,EAST,0.0,0.0,0.0,281.8368,78.1632,1.0,0.0,0.0,1.0,1.0,1.0,True,True,-1.0,MIRROR,,,,,UNKNOWN,,,,,,,UNKNOWN,,,,,,,UNKNOWN,,,,,,,UNKNOWN,,,,,,,UNKNOWN,,,35.4,-36.85,34.1,-0.0,1.0,0.0,1.0,0.0,0.0,0.0,0.0,1.0
30,AR_3BR_A_1,AR_3BR_A_1.rvt : 285 : location <Not Shared>,1319990,17.4,-28.3,34.1,SOUTH,270.0,270.0,-90.0,191.8368,78.1632,0.0,-1.0,0.0,1.0,1.0,1.0,True,True,-1.0,MIRROR,,,,,UNKNOWN,,,,,,,UNKNOWN,,,,,,,UNKNOWN,,,,,,,UNKNOWN,,,,,,,UNKNOWN,,,17.4,-28.3,34.1,1.0,0.0,0.0,0.0,-1.0,0.0,0.0,0.0,1.0
31,AR_1BR_A_1,AR_1BR_A_1.rvt : 286 : location <Not Shared>,1319991,26.399999,-8.4,12.0,NORTH,90.0,90.0,90.0,11.836799,78.1632,0.0,1.0,0.0,1.0,1.0,1.0,True,False,1.0,NORMAL,,,,,UNKNOWN,,,,,,,UNKNOWN,,,,,,,UNKNOWN,,,,,,,UNKNOWN,,,,,,,UNKNOWN,,,26.399999,-8.4,12.0,1.0,-0.0,0.0,0.0,1.0,0.0,0.0,0.0,1.0
32,AR_2BR_B_1,AR_2BR_B_1.rvt : 287 : location <Not Shared>,1319992,35.399999,0.15,12.0,EAST,0.0,0.0,-0.0,281.836799,78.1632,1.0,-0.0,0.0,1.0,1.0,1.0,True,False,1.0,NORMAL,,,,,UNKNOWN,,,,,,,UNKNOWN,,,,,,,UNKNOWN,,,,,,,UNKNOWN,,,,,,,UNKNOWN,,,35.399999,0.15,12.0,-0.0,-1.0,0.0,1.0,-0.0,0.0,0.0,0.0,1.0
33,AR_1BR_A_1,AR_1BR_A_1.rvt : 288 : location <Not Shared>,1319993,26.400001,-8.4,12.0,NORTH,90.0,90.0,90.0,11.8368,78.1632,-0.0,1.0,0.0,1.0,1.0,1.0,True,True,-1.0,MIRROR,,,,,UNKNOWN,,,,,,,UNKNOWN,,,,,,,UNKNOWN,,,,,,,UNKNOWN,,,,,,,UNKNOWN,,,26.400001,-8.4,12.0,-1.0,-0.0,0.0,-0.0,1.0,0.0,0.0,0.0,1.0
34,AR_1BR_B,AR_1BR_B.rvt : 289 : location <Not Shared>,1319994,19.250001,-13.81,12.0,WEST,180.0,180.0,-180.0,101.8368,78.1632,-1.0,-0.0,0.0,1.0,1.0,1.0,True,True,-1.0,MIRROR,,,,,UNKNOWN,,,,,,,UNKNOWN,,,,,,,UNKNOWN,,,,,,,UNKNOWN,,,,,,,UNKNOWN,,,19.250001,-13.81,12.0,0.0,-1.0,0.0,-1.0,-0.0,0.0,0.0,0.0,1.0
35,AR_2BR_B_1,AR_2BR_B_1.rvt : 290 : location <Not Shared>,1319995,17.400001,0.15,12.0,WEST,180.0,180.0,-180.0,101.8368,78.1632,-1.0,-0.0,0.0,1.0,1.0,1.0,True,True,-1.0,MIRROR,,,,,UNKNOWN,,,,,,,UNKNOWN,,,,,,,UNKNOWN,,,,,,,UNKNOWN,,,,,,,UNKNOWN,,,17.400001,0.15,12.0,0.0,-1.0,0.0,-1.0,-0.0,0.0,0.0,0.0,1.0
36,AR_1BR_A_1,AR_1BR_A_1.rvt : 291 : location <Not Shared>,1319996,26.399999,-8.4,17.1,NORTH,90.0,90.0,90.0,11.836799,78.1632,0.0,1.0,0.0,1.0,1.0,1.0,True,False,1.0,NORMAL,,,,,UNKNOWN,,,,,,,UNKNOWN,,,,,,,UNKNOWN,,,,,,,UNKNOWN,,,,,,,UNKNOWN,,,26.399999,-8.4,17.1,1.0,-0.0,0.0,0.0,1.0,0.0,0.0,0.0,1.0
37,AR_1BR_B,AR_1BR_B.rvt : 292 : location <Not Shared>,1319997,33.549999,-13.81,17.1,EAST,0.0,0.0,-0.0,281.836799,78.1632,1.0,-0.0,0.0,1.0,1.0,1.0,True,False,1.0,NORMAL,,,,,UNKNOWN,,,,,,,UNKNOWN,,,,,,,UNKNOWN,,,,,,,UNKNOWN,,,,,,,UNKNOWN,,,33.549999,-13.81,17.1,-0.0,-1.0,0.0,1.0,-0.0,0.0,0.0,0.0,1.0
38,AR_2BR_B_1,AR_2BR_B_1.rvt : 293 : location <Not Shared>,1319998,35.399999,0.15,17.1,EAST,0.0,0.0,-0.0,281.836799,78.1632,1.0,-0.0,0.0,1.0,1.0,1.0,True,False,1.0,NORMAL,,,,,UNKNOWN,,,,,,,UNKNOWN,,,,,,,UNKNOWN,,,,,,,UNKNOWN,,,,,,,UNKNOWN,,,35.399999,0.15,17.1,-0.0,-1.0,0.0,1.0,-0.0,0.0,0.0,0.0,1.0
39,AR_1BR_A_1,AR_1BR_A_1.rvt : 294 : location <Not Shared>,1319999,26.400001,-8.4,17.1,NORTH,90.0,90.0,90.0,11.8368,78.1632,-0.0,1.0,0.0,1.0,1.0,1.0,True,True,-1.0,MIRROR,,,,,UNKNOWN,,,,,,,UNKNOWN,,,,,,,UNKNOWN,,,,,,,UNKNOWN,,,,,,,UNKNOWN,,,26.400001,-8.4,17.1,-1.0,-0.0,0.0,-0.0,1.0,0.0,0.0,0.0,1.0
40,AR_1BR_B,AR_1BR_B.rvt : 295 : location <Not Shared>,1320000,19.250001,-13.81,17.1,WEST,180.0,180.0,-180.0,101.8368,78.1632,-1.0,-0.0,0.0,1.0,1.0,1.0,True,True,-1.0,MIRROR,,,,,UNKNOWN,,,,,,,UNKNOWN,,,,,,,UNKNOWN,,,,,,,UNKNOWN,,,,,,,UNKNOWN,,,19.250001,-13.81,17.1,0.0,-1.0,0.0,-1.0,-0.0,0.0,0.0,0.0,1.0
41,AR_2BR_B_1,AR_2BR_B_1.rvt : 296 : location <Not Shared>,1320001,17.400001,0.15,17.1,WEST,180.0,180.0,-180.0,101.8368,78.1632,-1.0,-0.0,0.0,1.0,1.0,1.0,True,True,-1.0,MIRROR,,,,,UNKNOWN,,,,,,,UNKNOWN,,,,,,,UNKNOWN,,,,,,,UNKNOWN,,,,,,,UNKNOWN,,,17.400001,0.15,17.1,0.0,-1.0,0.0,-1.0,-0.0,0.0,0.0,0.0,1.0
42,AR_1BR_A_3,AR_1BR_A_3.rvt : 297 : location <Not Shared>,1320002,17.399999,-28.3,20.5,SOUTH,270.0,270.0,-90.0,191.836799,78.1632,-0.0,-1.0,0.0,1.0,1.0,1.0,True,False,1.0,NORMAL,,,,,UNKNOWN,,,,,,,UNKNOWN,,,,,,,UNKNOWN,,,,,,,UNKNOWN,,,,,,,UNKNOWN,,,17.399999,-28.3,20.5,-1.0,0.0,0.0,-0.0,-1.0,0.0,0.0,0.0,1.0
43,AR_2BR_B_7,AR_2BR_B_7.rvt : 298 : location <Not Shared>,1320003,8.399999,-36.85,20.5,WEST,180.0,180.0,180.0,101.836799,78.1632,-1.0,0.0,0.0,1.0,1.0,1.0,True,False,1.0,NORMAL,,,,,UNKNOWN,,,,,,,UNKNOWN,,,,,,,UNKNOWN,,,,,,,UNKNOWN,,,,,,,UNKNOWN,,,8.399999,-36.85,20.5,0.0,1.0,0.0,-1.0,0.0,0.0,0.0,0.0,1.0
44,AR_1BR_A_3,AR_1BR_A_3.rvt : 299 : location <Not Shared>,1320004,35.400001,-28.3,20.5,SOUTH,270.0,270.0,-90.0,191.8368,78.1632,0.0,-1.0,0.0,1.0,1.0,1.0,True,True,-1.0,MIRROR,,,,,UNKNOWN,,,,,,,UNKNOWN,,,,,,,UNKNOWN,,,,,,,UNKNOWN,,,,,,,UNKNOWN,,,35.400001,-28.3,20.5,1.0,0.0,0.0,0.0,-1.0,0.0,0.0,0.0,1.0
45,AR_1BR_A_5,AR_1BR_A_5.rvt : 300 : location <Not Shared>,1320005,17.400001,-28.3,20.5,SOUTH,270.0,270.0,-90.0,191.8368,78.1632,0.0,-1.0,0.0,1.0,1.0,1.0,True,True,-1.0,MIRROR,,,,,UNKNOWN,,,,,,,UNKNOWN,,,,,,,UNKNOWN,,,,,,,UNKNOWN,,,,,,,UNKNOWN,,,17.400001,-28.3,20.5,1.0,0.0,0.0,0.0,-1.0,0.0,0.0,0.0,1.0
46,AR_1BR_A_5,AR_1BR_A_5.rvt : 301 : location <Not Shared>,1320006,35.399999,-28.3,20.5,SOUTH,270.0,270.0,-90.0,191.836799,78.1632,-0.0,-1.0,0.0,1.0,1.0,1.0,True,False,1.0,NORMAL,,,,,UNKNOWN,,,,,,,UNKNOWN,,,,,,,UNKNOWN,,,,,,,UNKNOWN,,,,,,,UNKNOWN,,,35.399999,-28.3,20.5,-1.0,0.0,0.0,-0.0,-1.0,0.0,0.0,0.0,1.0
47,AR_2BR_B_7,AR_2BR_B_7.rvt : 302 : location <Not Shared>,1320007,44.400001,-36.85,20.5,EAST,0.0,0.0,0.0,281.8368,78.1632,1.0,0.0,0.0,1.0,1.0,1.0,True,True,-1.0,MIRROR,,,,,UNKNOWN,,,,,,,UNKNOWN,,,,,,,UNKNOWN,,,,,,,UNKNOWN,,,,,,,UNKNOWN,,,44.400001,-36.85,20.5,-0.0,1.0,0.0,1.0,0.0,0.0,0.0,0.0,1.0
48,AR_1BR_A_1,AR_1BR_A_1.rvt : 303 : location <Not Shared>,1320008,26.399999,-8.4,20.5,NORTH,90.0,90.0,90.0,11.836799,78.1632,0.0,1.0,0.0,1.0,1.0,1.0,True,False,1.0,NORMAL,,,,,UNKNOWN,,,,,,,UNKNOWN,,,,,,,UNKNOWN,,,,,,,UNKNOWN,,,,,,,UNKNOWN,,,26.399999,-8.4,20.5,1.0,-0.0,0.0,0.0,1.0,0.0,0.0,0.0,1.0
49,AR_1BR_B,AR_1BR_B.rvt : 304 : location <Not Shared>,1320009,33.549999,-13.81,20.5,EAST,0.0,0.0,-0.0,281.836799,78.1632,1.0,-0.0,0.0,1.0,1.0,1.0,True,False,1.0,NORMAL,,,,,UNKNOWN,,,,,,,UNKNOWN,,,,,,,UNKNOWN,,,,,,,UNKNOWN,,,,,,,UNKNOWN,,,33.549999,-13.81,20.5,-0.0,-1.0,0.0,1.0,-0.0,0.0,0.0,0.0,1.0
50,AR_2BR_B_1,AR_2BR_B_1.rvt : 305 : location <Not Shared>,1320010,35.399999,0.15,20.5,EAST,0.0,0.0,-0.0,281.836799,78.1632,1.0,-0.0,0.0,1.0,1.0,1.0,True,False,1.0,NORMAL,,,,,UNKNOWN,,,,,,,UNKNOWN,,,,,,,UNKNOWN,,,,,,,UNKNOWN,,,,,,,UNKNOWN,,,35.399999,0.15,20.5,-0.0,-1.0,0.0,1.0,-0.0,0.0,0.0,0.0,1.0
51,AR_1BR_A_1,AR_1BR_A_1.rvt : 306 : location <Not Shared>,1320011,26.400001,-8.4,20.5,NORTH,90.0,90.0,90.0,11.8368,78.1632,-0.0,1.0,0.0,1.0,1.0,1.0,True,True,-1.0,MIRROR,,,,,UNKNOWN,,,,,,,UNKNOWN,,,,,,,UNKNOWN,,,,,,,UNKNOWN,,,,,,,UNKNOWN,,,26.400001,-8.4,20.5,-1.0,-0.0,0.0,-0.0,1.0,0.0,0.0,0.0,1.0
52,AR_1BR_B,AR_1BR_B.rvt : 307 : location <Not Shared>,1320012,19.250001,-13.81,20.5,WEST,180.0,180.0,-180.0,101.8368,78.1632,-1.0,-0.0,0.0,1.0,1.0,1.0,True,True,-1.0,MIRROR,,,,,UNKNOWN,,,,,,,UNKNOWN,,,,,,,UNKNOWN,,,,,,,UNKNOWN,,,,,,,UNKNOWN,,,19.250001,-13.81,20.5,0.0,-1.0,0.0,-1.0,-0.0,0.0,0.0,0.0,1.0
53,AR_2BR_B_1,AR_2BR_B_1.rvt : 308 : location <Not Shared>,1320013,17.400001,0.15,20.5,WEST,180.0,180.0,-180.0,101.8368,78.1632,-1.0,-0.0,0.0,1.0,1.0,1.0,True,True,-1.0,MIRROR,,,,,UNKNOWN,,,,,,,UNKNOWN,,,,,,,UNKNOWN,,,,,,,UNKNOWN,,,,,,,UNKNOWN,,,17.400001,0.15,20.5,0.0,-1.0,0.0,-1.0,-0.0,0.0,0.0,0.0,1.0
54,AR_1BR_A_3,AR_1BR_A_3.rvt : 309 : location <Not Shared>,1320014,17.399999,-28.3,23.9,SOUTH,270.0,270.0,-90.0,191.836799,78.1632,-0.0,-1.0,0.0,1.0,1.0,1.0,True,False,1.0,NORMAL,,,,,UNKNOWN,,,,,,,UNKNOWN,,,,,,,UNKNOWN,,,,,,,UNKNOWN,,,,,,,UNKNOWN,,,17.399999,-28.3,23.9,-1.0,0.0,0.0,-0.0,-1.0,0.0,0.0,0.0,1.0
55,AR_2BR_B_7,AR_2BR_B_7.rvt : 310 : location <Not Shared>,1320015,8.399999,-36.85,23.9,WEST,180.0,180.0,180.0,101.836799,78.1632,-1.0,0.0,0.0,1.0,1.0,1.0,True,False,1.0,NORMAL,,,,,UNKNOWN,,,,,,,UNKNOWN,,,,,,,UNKNOWN,,,,,,,UNKNOWN,,,,,,,UNKNOWN,,,8.399999,-36.85,23.9,0.0,1.0,0.0,-1.0,0.0,0.0,0.0,0.0,1.0
56,AR_1BR_A_3,AR_1BR_A_3.rvt : 311 : location <Not Shared>,1320016,35.400001,-28.3,23.9,SOUTH,270.0,270.0,-90.0,191.8368,78.1632,0.0,-1.0,0.0,1.0,1.0,1.0,True,True,-1.0,MIRROR,,,,,UNKNOWN,,,,,,,UNKNOWN,,,,,,,UNKNOWN,,,,,,,UNKNOWN,,,,,,,UNKNOWN,,,35.400001,-28.3,23.9,1.0,0.0,0.0,0.0,-1.0,0.0,0.0,0.0,1.0
57,AR_1BR_A_5,AR_1BR_A_5.rvt : 312 : location <Not Shared>,1320017,17.400001,-28.3,23.9,SOUTH,270.0,270.0,-90.0,191.8368,78.1632,0.0,-1.0,0.0,1.0,1.0,1.0,True,True,-1.0,MIRROR,,,,,UNKNOWN,,,,,,,UNKNOWN,,,,,,,UNKNOWN,,,,,,,UNKNOWN,,,,,,,UNKNOWN,,,17.400001,-28.3,23.9,1.0,0.0,0.0,0.0,-1.0,0.0,0.0,0.0,1.0
58,AR_1BR_A_5,AR_1BR_A_5.rvt : 313 : location <Not Shared>,1320018,35.399999,-28.3,23.9,SOUTH,270.0,270.0,-90.0,191.836799,78.1632,-0.0,-1.0,0.0,1.0,1.0,1.0,True,False,1.0,NORMAL,,,,,UNKNOWN,,,,,,,UNKNOWN,,,,,,,UNKNOWN,,,,,,,UNKNOWN,,,,,,,UNKNOWN,,,35.399999,-28.3,23.9,-1.0,0.0,0.0,-0.0,-1.0,0.0,0.0,0.0,1.0
59,AR_2BR_B_7,AR_2BR_B_7.rvt : 314 : location <Not Shared>,1320019,44.400001,-36.85,23.9,EAST,0.0,0.0,0.0,281.8368,78.1632,1.0,0.0,0.0,1.0,1.0,1.0,True,True,-1.0,MIRROR,,,,,UNKNOWN,,,,,,,UNKNOWN,,,,,,,UNKNOWN,,,,,,,UNKNOWN,,,,,,,UNKNOWN,,,44.400001,-36.85,23.9,-0.0,1.0,0.0,1.0,0.0,0.0,0.0,0.0,1.0
60,AR_1BR_A_1,AR_1BR_A_1.rvt : 315 : location <Not Shared>,1320020,26.399999,-8.4,23.9,NORTH,90.0,90.0,90.0,11.836799,78.1632,0.0,1.0,0.0,1.0,1.0,1.0,True,False,1.0,NORMAL,,,,,UNKNOWN,,,,,,,UNKNOWN,,,,,,,UNKNOWN,,,,,,,UNKNOWN,,,,,,,UNKNOWN,,,26.399999,-8.4,23.9,1.0,-0.0,0.0,0.0,1.0,0.0,0.0,0.0,1.0
61,AR_1BR_B,AR_1BR_B.rvt : 316 : location <Not Shared>,1320021,33.549999,-13.81,23.9,EAST,0.0,0.0,-0.0,281.836799,78.1632,1.0,-0.0,0.0,1.0,1.0,1.0,True,False,1.0,NORMAL,,,,,UNKNOWN,,,,,,,UNKNOWN,,,,,,,UNKNOWN,,,,,,,UNKNOWN,,,,,,,UNKNOWN,,,33.549999,-13.81,23.9,-0.0,-1.0,0.0,1.0,-0.0,0.0,0.0,0.0,1.0
62,AR_2BR_B_1,AR_2BR_B_1.rvt : 317 : location <Not Shared>,1320022,35.399999,0.15,23.9,EAST,0.0,0.0,-0.0,281.836799,78.1632,1.0,-0.0,0.0,1.0,1.0,1.0,True,False,1.0,NORMAL,,,,,UNKNOWN,,,,,,,UNKNOWN,,,,,,,UNKNOWN,,,,,,,UNKNOWN,,,,,,,UNKNOWN,,,35.399999,0.15,23.9,-0.0,-1.0,0.0,1.0,-0.0,0.0,0.0,0.0,1.0
63,AR_1BR_A_1,AR_1BR_A_1.rvt : 318 : location <Not Shared>,1320023,26.400001,-8.4,23.9,NORTH,90.0,90.0,90.0,11.8368,78.1632,-0.0,1.0,0.0,1.0,1.0,1.0,True,True,-1.0,MIRROR,,,,,UNKNOWN,,,,,,,UNKNOWN,,,,,,,UNKNOWN,,,,,,,UNKNOWN,,,,,,,UNKNOWN,,,26.400001,-8.4,23.9,-1.0,-0.0,0.0,-0.0,1.0,0.0,0.0,0.0,1.0
64,AR_1BR_B,AR_1BR_B.rvt : 319 : location <Not Shared>,1320024,19.250001,-13.81,23.9,WEST,180.0,180.0,-180.0,101.8368,78.1632,-1.0,-0.0,0.0,1.0,1.0,1.0,True,True,-1.0,MIRROR,,,,,UNKNOWN,,,,,,,UNKNOWN,,,,,,,UNKNOWN,,,,,,,UNKNOWN,,,,,,,UNKNOWN,,,19.250001,-13.81,23.9,0.0,-1.0,0.0,-1.0,-0.0,0.0,0.0,0.0,1.0
65,AR_2BR_B_1,AR_2BR_B_1.rvt : 320 : location <Not Shared>,1320025,17.400001,0.15,23.9,WEST,180.0,180.0,-180.0,101.8368,78.1632,-1.0,-0.0,0.0,1.0,1.0,1.0,True,True,-1.0,MIRROR,,,,,UNKNOWN,,,,,,,UNKNOWN,,,,,,,UNKNOWN,,,,,,,UNKNOWN,,,,,,,UNKNOWN,,,17.400001,0.15,23.9,0.0,-1.0,0.0,-1.0,-0.0,0.0,0.0,0.0,1.0
66,AR_1BR_A_1,AR_1BR_A_1.rvt : 321 : location <Not Shared>,1320026,26.399999,-8.4,27.3,NORTH,90.0,90.0,90.0,11.836799,78.1632,0.0,1.0,0.0,1.0,1.0,1.0,True,False,1.0,NORMAL,,,,,UNKNOWN,,,,,,,UNKNOWN,,,,,,,UNKNOWN,,,,,,,UNKNOWN,,,,,,,UNKNOWN,,,26.399999,-8.4,27.3,1.0,-0.0,0.0,0.0,1.0,0.0,0.0,0.0,1.0
67,AR_1BR_B,AR_1BR_B.rvt : 322 : location <Not Shared>,1320027,33.549999,-13.81,27.3,EAST,0.0,0.0,-0.0,281.836799,78.1632,1.0,-0.0,0.0,1.0,1.0,1.0,True,False,1.0,NORMAL,,,,,UNKNOWN,,,,,,,UNKNOWN,,,,,,,UNKNOWN,,,,,,,UNKNOWN,,,,,,,UNKNOWN,,,33.549999,-13.81,27.3,-0.0,-1.0,0.0,1.0,-0.0,0.0,0.0,0.0,1.0
68,AR_2BR_B_1,AR_2BR_B_1.rvt : 323 : location <Not Shared>,1320028,35.399999,0.15,27.3,EAST,0.0,0.0,-0.0,281.836799,78.1632,1.0,-0.0,0.0,1.0,1.0,1.0,True,False,1.0,NORMAL,,,,,UNKNOWN,,,,,,,UNKNOWN,,,,,,,UNKNOWN,,,,,,,UNKNOWN,,,,,,,UNKNOWN,,,35.399999,0.15,27.3,-0.0,-1.0,0.0,1.0,-0.0,0.0,0.0,0.0,1.0
69,AR_1BR_A_1,AR_1BR_A_1.rvt : 324 : location <Not Shared>,1320029,26.400001,-8.4,27.3,NORTH,90.0,90.0,90.0,11.8368,78.1632,-0.0,1.0,0.0,1.0,1.0,1.0,True,True,-1.0,MIRROR,,,,,UNKNOWN,,,,,,,UNKNOWN,,,,,,,UNKNOWN,,,,,,,UNKNOWN,,,,,,,UNKNOWN,,,26.400001,-8.4,27.3,-1.0,-0.0,0.0,-0.0,1.0,0.0,0.0,0.0,1.0
70,AR_1BR_B,AR_1BR_B.rvt : 325 : location <Not Shared>,1320030,19.250001,-13.81,27.3,WEST,180.0,180.0,-180.0,101.8368,78.1632,-1.0,-0.0,0.0,1.0,1.0,1.0,True,True,-1.0,MIRROR,,,,,UNKNOWN,,,,,,,UNKNOWN,,,,,,,UNKNOWN,,,,,,,UNKNOWN,,,,,,,UNKNOWN,,,19.250001,-13.81,27.3,0.0,-1.0,0.0,-1.0,-0.0,0.0,0.0,0.0,1.0
71,AR_2BR_B_1,AR_2BR_B_1.rvt : 326 : location <Not Shared>,1320031,17.400001,0.15,27.3,WEST,180.0,180.0,-180.0,101.8368,78.1632,-1.0,-0.0,0.0,1.0,1.0,1.0,True,True,-1.0,MIRROR,,,,,UNKNOWN,,,,,,,UNKNOWN,,,,,,,UNKNOWN,,,,,,,UNKNOWN,,,,,,,UNKNOWN,,,17.400001,0.15,27.3,0.0,-1.0,0.0,-1.0,-0.0,0.0,0.0,0.0,1.0
72,AR_1BR_A_1,AR_1BR_A_1.rvt : 327 : location <Not Shared>,1320032,26.399999,-8.4,37.5,NORTH,90.0,90.0,90.0,11.836799,78.1632,0.0,1.0,0.0,1.0,1.0,1.0,True,False,1.0,NORMAL,,,,,UNKNOWN,,,,,,,UNKNOWN,,,,,,,UNKNOWN,,,,,,,UNKNOWN,,,,,,,UNKNOWN,,,26.399999,-8.4,37.5,1.0,-0.0,0.0,0.0,1.0,0.0,0.0,0.0,1.0
73,AR_1BR_B,AR_1BR_B.rvt : 328 : location <Not Shared>,1320033,33.549999,-13.81,37.5,EAST,0.0,0.0,-0.0,281.836799,78.1632,1.0,-0.0,0.0,1.0,1.0,1.0,True,False,1.0,NORMAL,,,,,UNKNOWN,,,,,,,UNKNOWN,,,,,,,UNKNOWN,,,,,,,UNKNOWN,,,,,,,UNKNOWN,,,33.549999,-13.81,37.5,-0.0,-1.0,0.0,1.0,-0.0,0.0,0.0,0.0,1.0
74,AR_2BR_B_1,AR_2BR_B_1.rvt : 329 : location <Not Shared>,1320034,35.399999,0.15,37.5,EAST,0.0,0.0,-0.0,281.836799,78.1632,1.0,-0.0,0.0,1.0,1.0,1.0,True,False,1.0,NORMAL,,,,,UNKNOWN,,,,,,,UNKNOWN,,,,,,,UNKNOWN,,,,,,,UNKNOWN,,,,,,,UNKNOWN,,,35.399999,0.15,37.5,-0.0,-1.0,0.0,1.0,-0.0,0.0,0.0,0.0,1.0
75,AR_2BR_B_1,AR_2BR_B_1.rvt : 330 : location <Not Shared>,1320035,17.4,-36.85,37.5,WEST,180.0,180.0,180.0,101.836799,78.1632,-1.0,0.0,0.0,1.0,1.0,1.0,True,False,1.0,NORMAL,,,,,UNKNOWN,,,,,,,UNKNOWN,,,,,,,UNKNOWN,,,,,,,UNKNOWN,,,,,,,UNKNOWN,,,17.4,-36.85,37.5,0.0,1.0,0.0,-1.0,0.0,0.0,0.0,0.0,1.0
76,AR_1BR_A_1,AR_1BR_A_1.rvt : 331 : location <Not Shared>,1320036,26.400001,-8.4,37.5,NORTH,90.0,90.0,90.0,11.8368,78.1632,-0.0,1.0,0.0,1.0,1.0,1.0,True,True,-1.0,MIRROR,,,,,UNKNOWN,,,,,,,UNKNOWN,,,,,,,UNKNOWN,,,,,,,UNKNOWN,,,,,,,UNKNOWN,,,26.400001,-8.4,37.5,-1.0,-0.0,0.0,-0.0,1.0,0.0,0.0,0.0,1.0
77,AR_1BR_B,AR_1BR_B.rvt : 332 : location <Not Shared>,1320037,19.250001,-13.81,37.5,WEST,180.0,180.0,-180.0,101.8368,78.1632,-1.0,-0.0,0.0,1.0,1.0,1.0,True,True,-1.0,MIRROR,,,,,UNKNOWN,,,,,,,UNKNOWN,,,,,,,UNKNOWN,,,,,,,UNKNOWN,,,,,,,UNKNOWN,,,19.250001,-13.81,37.5,0.0,-1.0,0.0,-1.0,-0.0,0.0,0.0,0.0,1.0
78,AR_2BR_B_1,AR_2BR_B_1.rvt : 333 : location <Not Shared>,1320038,17.400001,0.15,37.5,WEST,180.0,180.0,-180.0,101.8368,78.1632,-1.0,-0.0,0.0,1.0,1.0,1.0,True,True,-1.0,MIRROR,,,,,UNKNOWN,,,,,,,UNKNOWN,,,,,,,UNKNOWN,,,,,,,UNKNOWN,,,,,,,UNKNOWN,,,17.400001,0.15,37.5,0.0,-1.0,0.0,-1.0,-0.0,0.0,0.0,0.0,1.0
79,AR_2BR_B_1,AR_2BR_B_1.rvt : 334 : location <Not Shared>,1320039,35.4,-36.85,37.5,EAST,0.0,0.0,0.0,281.8368,78.1632,1.0,0.0,0.0,1.0,1.0,1.0,True,True,-1.0,MIRROR,,,,,UNKNOWN,,,,,,,UNKNOWN,,,,,,,UNKNOWN,,,,,,,UNKNOWN,,,,,,,UNKNOWN,,,35.4,-36.85,37.5,-0.0,1.0,0.0,1.0,0.0,0.0,0.0,0.0,1.0
80,AR_3BR_A_1,AR_3BR_A_1.rvt : 335 : location <Not Shared>,1320040,17.4,-28.3,37.5,SOUTH,270.0,270.0,-90.0,191.8368,78.1632,0.0,-1.0,0.0,1.0,1.0,1.0,True,True,-1.0,MIRROR,,,,,UNKNOWN,,,,,,,UNKNOWN,,,,,,,UNKNOWN,,,,,,,UNKNOWN,,,,,,,UNKNOWN,,,17.4,-28.3,37.5,1.0,0.0,0.0,0.0,-1.0,0.0,0.0,0.0,1.0
81,AR_1BR_A_1,AR_1BR_A_1.rvt : 336 : location <Not Shared>,1320041,26.399999,-8.4,40.9,NORTH,90.0,90.0,90.0,11.836799,78.1632,0.0,1.0,0.0,1.0,1.0,1.0,True,False,1.0,NORMAL,,,,,UNKNOWN,,,,,,,UNKNOWN,,,,,,,UNKNOWN,,,,,,,UNKNOWN,,,,,,,UNKNOWN,,,26.399999,-8.4,40.9,1.0,-0.0,0.0,0.0,1.0,0.0,0.0,0.0,1.0
82,AR_1BR_B,AR_1BR_B.rvt : 337 : location <Not Shared>,1320042,33.549999,-13.81,40.9,EAST,0.0,0.0,-0.0,281.836799,78.1632,1.0,-0.0,0.0,1.0,1.0,1.0,True,False,1.0,NORMAL,,,,,UNKNOWN,,,,,,,UNKNOWN,,,,,,,UNKNOWN,,,,,,,UNKNOWN,,,,,,,UNKNOWN,,,33.549999,-13.81,40.9,-0.0,-1.0,0.0,1.0,-0.0,0.0,0.0,0.0,1.0
83,AR_2BR_B_1,AR_2BR_B_1.rvt : 338 : location <Not Shared>,1320043,35.399999,0.15,40.9,EAST,0.0,0.0,-0.0,281.836799,78.1632,1.0,-0.0,0.0,1.0,1.0,1.0,True,False,1.0,NORMAL,,,,,UNKNOWN,,,,,,,UNKNOWN,,,,,,,UNKNOWN,,,,,,,UNKNOWN,,,,,,,UNKNOWN,,,35.399999,0.15,40.9,-0.0,-1.0,0.0,1.0,-0.0,0.0,0.0,0.0,1.0
84,AR_2BR_B_1,AR_2BR_B_1.rvt : 339 : location <Not Shared>,1320044,17.4,-36.85,40.9,WEST,180.0,180.0,180.0,101.836799,78.1632,-1.0,0.0,0.0,1.0,1.0,1.0,True,False,1.0,NORMAL,,,,,UNKNOWN,,,,,,,UNKNOWN,,,,,,,UNKNOWN,,,,,,,UNKNOWN,,,,,,,UNKNOWN,,,17.4,-36.85,40.9,0.0,1.0,0.0,-1.0,0.0,0.0,0.0,0.0,1.0
85,AR_1BR_A_1,AR_1BR_A_1.rvt : 340 : location <Not Shared>,1320045,26.400001,-8.4,40.9,NORTH,90.0,90.0,90.0,11.8368,78.1632,-0.0,1.0,0.0,1.0,1.0,1.0,True,True,-1.0,MIRROR,,,,,UNKNOWN,,,,,,,UNKNOWN,,,,,,,UNKNOWN,,,,,,,UNKNOWN,,,,,,,UNKNOWN,,,26.400001,-8.4,40.9,-1.0,-0.0,0.0,-0.0,1.0,0.0,0.0,0.0,1.0
86,AR_1BR_B,AR_1BR_B.rvt : 341 : location <Not Shared>,1320046,19.250001,-13.81,40.9,WEST,180.0,180.0,-180.0,101.8368,78.1632,-1.0,-0.0,0.0,1.0,1.0,1.0,True,True,-1.0,MIRROR,,,,,UNKNOWN,,,,,,,UNKNOWN,,,,,,,UNKNOWN,,,,,,,UNKNOWN,,,,,,,UNKNOWN,,,19.250001,-13.81,40.9,0.0,-1.0,0.0,-1.0,-0.0,0.0,0.0,0.0,1.0
87,AR_2BR_B_1,AR_2BR_B_1.rvt : 342 : location <Not Shared>,1320047,17.400001,0.15,40.9,WEST,180.0,180.0,-180.0,101.8368,78.1632,-1.0,-0.0,0.0,1.0,1.0,1.0,True,True,-1.0,MIRROR,,,,,UNKNOWN,,,,,,,UNKNOWN,,,,,,,UNKNOWN,,,,,,,UNKNOWN,,,,,,,UNKNOWN,,,17.400001,0.15,40.9,0.0,-1.0,0.0,-1.0,-0.0,0.0,0.0,0.0,1.0
88,AR_2BR_B_1,AR_2BR_B_1.rvt : 343 : location <Not Shared>,1320048,35.4,-36.85,40.9,EAST,0.0,0.0,0.0,281.8368,78.1632,1.0,0.0,0.0,1.0,1.0,1.0,True,True,-1.0,MIRROR,,,,,UNKNOWN,,,,,,,UNKNOWN,,,,,,,UNKNOWN,,,,,,,UNKNOWN,,,,,,,UNKNOWN,,,35.4,-36.85,40.9,-0.0,1.0,0.0,1.0,0.0,0.0,0.0,0.0,1.0
89,AR_3BR_A_1,AR_3BR_A_1.rvt : 344 : location <Not Shared>,1320049,17.4,-28.3,40.9,SOUTH,270.0,270.0,-90.0,191.8368,78.1632,0.0,-1.0,0.0,1.0,1.0,1.0,True,True,-1.0,MIRROR,,,,,UNKNOWN,,,,,,,UNKNOWN,,,,,,,UNKNOWN,,,,,,,UNKNOWN,,,,,,,UNKNOWN,,,17.4,-28.3,40.9,1.0,0.0,0.0,0.0,-1.0,0.0,0.0,0.0,1.0
90,AR_1BR_A_1,AR_1BR_A_1.rvt : 345 : location <Not Shared>,1320050,26.399999,-8.4,44.3,NORTH,90.0,90.0,90.0,11.836799,78.1632,0.0,1.0,0.0,1.0,1.0,1.0,True,False,1.0,NORMAL,,,,,UNKNOWN,,,,,,,UNKNOWN,,,,,,,UNKNOWN,,,,,,,UNKNOWN,,,,,,,UNKNOWN,,,26.399999,-8.4,44.3,1.0,-0.0,0.0,0.0,1.0,0.0,0.0,0.0,1.0
91,AR_1BR_B,AR_1BR_B.rvt : 346 : location <Not Shared>,1320051,33.549999,-13.81,44.3,EAST,0.0,0.0,-0.0,281.836799,78.1632,1.0,-0.0,0.0,1.0,1.0,1.0,True,False,1.0,NORMAL,,,,,UNKNOWN,,,,,,,UNKNOWN,,,,,,,UNKNOWN,,,,,,,UNKNOWN,,,,,,,UNKNOWN,,,33.549999,-13.81,44.3,-0.0,-1.0,0.0,1.0,-0.0,0.0,0.0,0.0,1.0
92,AR_2BR_B_1,AR_2BR_B_1.rvt : 347 : location <Not Shared>,1320052,35.399999,0.15,44.3,EAST,0.0,0.0,-0.0,281.836799,78.1632,1.0,-0.0,0.0,1.0,1.0,1.0,True,False,1.0,NORMAL,,,,,UNKNOWN,,,,,,,UNKNOWN,,,,,,,UNKNOWN,,,,,,,UNKNOWN,,,,,,,UNKNOWN,,,35.399999,0.15,44.3,-0.0,-1.0,0.0,1.0,-0.0,0.0,0.0,0.0,1.0
93,AR_2BR_B_1,AR_2BR_B_1.rvt : 348 : location <Not Shared>,1320053,17.4,-36.85,44.3,WEST,180.0,180.0,180.0,101.836799,78.1632,-1.0,0.0,0.0,1.0,1.0,1.0,True,False,1.0,NORMAL,,,,,UNKNOWN,,,,,,,UNKNOWN,,,,,,,UNKNOWN,,,,,,,UNKNOWN,,,,,,,UNKNOWN,,,17.4,-36.85,44.3,0.0,1.0,0.0,-1.0,0.0,0.0,0.0,0.0,1.0
94,AR_1BR_A_1,AR_1BR_A_1.rvt : 349 : location <Not Shared>,1320054,26.400001,-8.4,44.3,NORTH,90.0,90.0,90.0,11.8368,78.1632,-0.0,1.0,0.0,1.0,1.0,1.0,True,True,-1.0,MIRROR,,,,,UNKNOWN,,,,,,,UNKNOWN,,,,,,,UNKNOWN,,,,,,,UNKNOWN,,,,,,,UNKNOWN,,,26.400001,-8.4,44.3,-1.0,-0.0,0.0,-0.0,1.0,0.0,0.0,0.0,1.0
95,AR_1BR_B,AR_1BR_B.rvt : 350 : location <Not Shared>,1320055,19.250001,-13.81,44.3,WEST,180.0,180.0,-180.0,101.8368,78.1632,-1.0,-0.0,0.0,1.0,1.0,1.0,True,True,-1.0,MIRROR,,,,,UNKNOWN,,,,,,,UNKNOWN,,,,,,,UNKNOWN,,,,,,,UNKNOWN,,,,,,,UNKNOWN,,,19.250001,-13.81,44.3,0.0,-1.0,0.0,-1.0,-0.0,0.0,0.0,0.0,1.0
96,AR_2BR_B_1,AR_2BR_B_1.rvt : 351 : location <Not Shared>,1320056,17.400001,0.15,44.3,WEST,180.0,180.0,-180.0,101.8368,78.1632,-1.0,-0.0,0.0,1.0,1.0,1.0,True,True,-1.0,MIRROR,,,,,UNKNOWN,,,,,,,UNKNOWN,,,,,,,UNKNOWN,,,,,,,UNKNOWN,,,,,,,UNKNOWN,,,17.400001,0.15,44.3,0.0,-1.0,0.0,-1.0,-0.0,0.0,0.0,0.0,1.0
97,AR_2BR_B_1,AR_2BR_B_1.rvt : 352 : location <Not Shared>,1320057,35.4,-36.85,44.3,EAST,0.0,0.0,0.0,281.8368,78.1632,1.0,0.0,0.0,1.0,1.0,1.0,True,True,-1.0,MIRROR,,,,,UNKNOWN,,,,,,,UNKNOWN,,,,,,,UNKNOWN,,,,,,,UNKNOWN,,,,,,,UNKNOWN,,,35.4,-36.85,44.3,-0.0,1.0,0.0,1.0,0.0,0.0,0.0,0.0,1.0
98,AR_3BR_A_1,AR_3BR_A_1.rvt : 353 : location <Not Shared>,1320058,17.4,-28.3,44.3,SOUTH,270.0,270.0,-90.0,191.8368,78.1632,0.0,-1.0,0.0,1.0,1.0,1.0,True,True,-1.0,MIRROR,,,,,UNKNOWN,,,,,,,UNKNOWN,,,,,,,UNKNOWN,,,,,,,UNKNOWN,,,,,,,UNKNOWN,,,17.4,-28.3,44.3,1.0,0.0,0.0,0.0,-1.0,0.0,0.0,0.0,1.0
99,AR_1BR_A_1,AR_1BR_A_1.rvt : 354 : location <Not Shared>,1320059,26.399999,-8.4,47.7,NORTH,90.0,90.0,90.0,11.836799,78.1632,0.0,1.0,0.0,1.0,1.0,1.0,True,False,1.0,NORMAL,,,,,UNKNOWN,,,,,,,UNKNOWN,,,,,,,UNKNOWN,,,,,,,UNKNOWN,,,,,,,UNKNOWN,,,26.399999,-8.4,47.7,1.0,-0.0,0.0,0.0,1.0,0.0,0.0,0.0,1.0
100,AR_1BR_B,AR_1BR_B.rvt : 355 : location <Not Shared>,1320060,33.549999,-13.81,47.7,EAST,0.0,0.0,-0.0,281.836799,78.1632,1.0,-0.0,0.0,1.0,1.0,1.0,True,False,1.0,NORMAL,,,,,UNKNOWN,,,,,,,UNKNOWN,,,,,,,UNKNOWN,,,,,,,UNKNOWN,,,,,,,UNKNOWN,,,33.549999,-13.81,47.7,-0.0,-1.0,0.0,1.0,-0.0,0.0,0.0,0.0,1.0
101,AR_2BR_B_1,AR_2BR_B_1.rvt : 356 : location <Not Shared>,1320061,35.399999,0.15,47.7,EAST,0.0,0.0,-0.0,281.836799,78.1632,1.0,-0.0,0.0,1.0,1.0,1.0,True,False,1.0,NORMAL,,,,,UNKNOWN,,,,,,,UNKNOWN,,,,,,,UNKNOWN,,,,,,,UNKNOWN,,,,,,,UNKNOWN,,,35.399999,0.15,47.7,-0.0,-1.0,0.0,1.0,-0.0,0.0,0.0,0.0,1.0
102,AR_2BR_B_1,AR_2BR_B_1.rvt : 357 : location <Not Shared>,1320062,17.4,-36.85,47.7,WEST,180.0,180.0,180.0,101.836799,78.1632,-1.0,0.0,0.0,1.0,1.0,1.0,True,False,1.0,NORMAL,,,,,UNKNOWN,,,,,,,UNKNOWN,,,,,,,UNKNOWN,,,,,,,UNKNOWN,,,,,,,UNKNOWN,,,17.4,-36.85,47.7,0.0,1.0,0.0,-1.0,0.0,0.0,0.0,0.0,1.0
103,AR_1BR_A_1,AR_1BR_A_1.rvt : 358 : location <Not Shared>,1320063,26.400001,-8.4,47.7,NORTH,90.0,90.0,90.0,11.8368,78.1632,-0.0,1.0,0.0,1.0,1.0,1.0,True,True,-1.0,MIRROR,,,,,UNKNOWN,,,,,,,UNKNOWN,,,,,,,UNKNOWN,,,,,,,UNKNOWN,,,,,,,UNKNOWN,,,26.400001,-8.4,47.7,-1.0,-0.0,0.0,-0.0,1.0,0.0,0.0,0.0,1.0
104,AR_1BR_B,AR_1BR_B.rvt : 359 : location <Not Shared>,1320064,19.250001,-13.81,47.7,WEST,180.0,180.0,-180.0,101.8368,78.1632,-1.0,-0.0,0.0,1.0,1.0,1.0,True,True,-1.0,MIRROR,,,,,UNKNOWN,,,,,,,UNKNOWN,,,,,,,UNKNOWN,,,,,,,UNKNOWN,,,,,,,UNKNOWN,,,19.250001,-13.81,47.7,0.0,-1.0,0.0,-1.0,-0.0,0.0,0.0,0.0,1.0
105,AR_2BR_B_1,AR_2BR_B_1.rvt : 360 : location <Not Shared>,1320065,17.400001,0.15,47.7,WEST,180.0,180.0,-180.0,101.8368,78.1632,-1.0,-0.0,0.0,1.0,1.0,1.0,True,True,-1.0,MIRROR,,,,,UNKNOWN,,,,,,,UNKNOWN,,,,,,,UNKNOWN,,,,,,,UNKNOWN,,,,,,,UNKNOWN,,,17.400001,0.15,47.7,0.0,-1.0,0.0,-1.0,-0.0,0.0,0.0,0.0,1.0
106,AR_2BR_B_1,AR_2BR_B_1.rvt : 361 : location <Not Shared>,1320066,35.4,-36.85,47.7,EAST,0.0,0.0,0.0,281.8368,78.1632,1.0,0.0,0.0,1.0,1.0,1.0,True,True,-1.0,MIRROR,,,,,UNKNOWN,,,,,,,UNKNOWN,,,,,,,UNKNOWN,,,,,,,UNKNOWN,,,,,,,UNKNOWN,,,35.4,-36.85,47.7,-0.0,1.0,0.0,1.0,0.0,0.0,0.0,0.0,1.0
107,AR_3BR_A_1,AR_3BR_A_1.rvt : 362 : location <Not Shared>,1320067,17.4,-28.3,47.7,SOUTH,270.0,270.0,-90.0,191.8368,78.1632,0.0,-1.0,0.0,1.0,1.0,1.0,True,True,-1.0,MIRROR,,,,,UNKNOWN,,,,,,,UNKNOWN,,,,,,,UNKNOWN,,,,,,,UNKNOWN,,,,,,,UNKNOWN,,,17.4,-28.3,47.7,1.0,0.0,0.0,0.0,-1.0,0.0,0.0,0.0,1.0
108,AR_1BR_A_1,AR_1BR_A_1.rvt : 363 : location <Not Shared>,1320068,26.399999,-8.4,51.1,NORTH,90.0,90.0,90.0,11.836799,78.1632,0.0,1.0,0.0,1.0,1.0,1.0,True,False,1.0,NORMAL,,,,,UNKNOWN,,,,,,,UNKNOWN,,,,,,,UNKNOWN,,,,,,,UNKNOWN,,,,,,,UNKNOWN,,,26.399999,-8.4,51.1,1.0,-0.0,0.0,0.0,1.0,0.0,0.0,0.0,1.0
109,AR_1BR_B,AR_1BR_B.rvt : 364 : location <Not Shared>,1320069,33.549999,-13.81,51.1,EAST,0.0,0.0,-0.0,281.836799,78.1632,1.0,-0.0,0.0,1.0,1.0,1.0,True,False,1.0,NORMAL,,,,,UNKNOWN,,,,,,,UNKNOWN,,,,,,,UNKNOWN,,,,,,,UNKNOWN,,,,,,,UNKNOWN,,,33.549999,-13.81,51.1,-0.0,-1.0,0.0,1.0,-0.0,0.0,0.0,0.0,1.0
110,AR_2BR_B_1,AR_2BR_B_1.rvt : 365 : location <Not Shared>,1320070,35.399999,0.15,51.1,EAST,0.0,0.0,-0.0,281.836799,78.1632,1.0,-0.0,0.0,1.0,1.0,1.0,True,False,1.0,NORMAL,,,,,UNKNOWN,,,,,,,UNKNOWN,,,,,,,UNKNOWN,,,,,,,UNKNOWN,,,,,,,UNKNOWN,,,35.399999,0.15,51.1,-0.0,-1.0,0.0,1.0,-0.0,0.0,0.0,0.0,1.0
111,AR_2BR_B_1,AR_2BR_B_1.rvt : 366 : location <Not Shared>,1320071,17.4,-36.85,51.1,WEST,180.0,180.0,180.0,101.836799,78.1632,-1.0,0.0,0.0,1.0,1.0,1.0,True,False,1.0,NORMAL,,,,,UNKNOWN,,,,,,,UNKNOWN,,,,,,,UNKNOWN,,,,,,,UNKNOWN,,,,,,,UNKNOWN,,,17.4,-36.85,51.1,0.0,1.0,0.0,-1.0,0.0,0.0,0.0,0.0,1.0
112,AR_1BR_A_1,AR_1BR_A_1.rvt : 367 : location <Not Shared>,1320072,26.400001,-8.4,51.1,NORTH,90.0,90.0,90.0,11.8368,78.1632,-0.0,1.0,0.0,1.0,1.0,1.0,True,True,-1.0,MIRROR,,,,,UNKNOWN,,,,,,,UNKNOWN,,,,,,,UNKNOWN,,,,,,,UNKNOWN,,,,,,,UNKNOWN,,,26.400001,-8.4,51.1,-1.0,-0.0,0.0,-0.0,1.0,0.0,0.0,0.0,1.0
113,AR_1BR_B,AR_1BR_B.rvt : 369 : location <Not Shared>,1320073,19.250001,-13.81,51.1,WEST,180.0,180.0,-180.0,101.8368,78.1632,-1.0,-0.0,0.0,1.0,1.0,1.0,True,True,-1.0,MIRROR,,,,,UNKNOWN,,,,,,,UNKNOWN,,,,,,,UNKNOWN,,,,,,,UNKNOWN,,,,,,,UNKNOWN,,,19.250001,-13.81,51.1,0.0,-1.0,0.0,-1.0,-0.0,0.0,0.0,0.0,1.0
114,AR_2BR_B_1,AR_2BR_B_1.rvt : 370 : location <Not Shared>,1320074,17.400001,0.15,51.1,WEST,180.0,180.0,-180.0,101.8368,78.1632,-1.0,-0.0,0.0,1.0,1.0,1.0,True,True,-1.0,MIRROR,,,,,UNKNOWN,,,,,,,UNKNOWN,,,,,,,UNKNOWN,,,,,,,UNKNOWN,,,,,,,UNKNOWN,,,17.400001,0.15,51.1,0.0,-1.0,0.0,-1.0,-0.0,0.0,0.0,0.0,1.0
115,AR_2BR_B_1,AR_2BR_B_1.rvt : 371 : location <Not Shared>,1320075,35.4,-36.85,51.1,EAST,0.0,0.0,0.0,281.8368,78.1632,1.0,0.0,0.0,1.0,1.0,1.0,True,True,-1.0,MIRROR,,,,,UNKNOWN,,,,,,,UNKNOWN,,,,,,,UNKNOWN,,,,,,,UNKNOWN,,,,,,,UNKNOWN,,,35.4,-36.85,51.1,-0.0,1.0,0.0,1.0,0.0,0.0,0.0,0.0,1.0
116,AR_3BR_A_1,AR_3BR_A_1.rvt : 372 : location <Not Shared>,1320076,17.4,-28.3,51.1,SOUTH,270.0,270.0,-90.0,191.8368,78.1632,0.0,-1.0,0.0,1.0,1.0,1.0,True,True,-1.0,MIRROR,,,,,UNKNOWN,,,,,,,UNKNOWN,,,,,,,UNKNOWN,,,,,,,UNKNOWN,,,,,,,UNKNOWN,,,17.4,-28.3,51.1,1.0,0.0,0.0,0.0,-1.0,0.0,0.0,0.0,1.0
117,AR_1BR_A_1,AR_1BR_A_1.rvt : 377 : location <Not Shared>,1320077,26.399999,-8.4,54.5,NORTH,90.0,90.0,90.0,11.836799,78.1632,0.0,1.0,0.0,1.0,1.0,1.0,True,False,1.0,NORMAL,,,,,UNKNOWN,,,,,,,UNKNOWN,,,,,,,UNKNOWN,,,,,,,UNKNOWN,,,,,,,UNKNOWN,,,26.399999,-8.4,54.5,1.0,-0.0,0.0,0.0,1.0,0.0,0.0,0.0,1.0
118,AR_1BR_B,AR_1BR_B.rvt : 378 : location <Not Shared>,1320078,33.549999,-13.81,54.5,EAST,0.0,0.0,-0.0,281.836799,78.1632,1.0,-0.0,0.0,1.0,1.0,1.0,True,False,1.0,NORMAL,,,,,UNKNOWN,,,,,,,UNKNOWN,,,,,,,UNKNOWN,,,,,,,UNKNOWN,,,,,,,UNKNOWN,,,33.549999,-13.81,54.5,-0.0,-1.0,0.0,1.0,-0.0,0.0,0.0,0.0,1.0
119,AR_2BR_B_1,AR_2BR_B_1.rvt : 379 : location <Not Shared>,1320079,35.399999,0.15,54.5,EAST,0.0,0.0,-0.0,281.836799,78.1632,1.0,-0.0,0.0,1.0,1.0,1.0,True,False,1.0,NORMAL,,,,,UNKNOWN,,,,,,,UNKNOWN,,,,,,,UNKNOWN,,,,,,,UNKNOWN,,,,,,,UNKNOWN,,,35.399999,0.15,54.5,-0.0,-1.0,0.0,1.0,-0.0,0.0,0.0,0.0,1.0
120,AR_2BR_B_1,AR_2BR_B_1.rvt : 380 : location <Not Shared>,1320080,17.4,-36.85,54.5,WEST,180.0,180.0,180.0,101.836799,78.1632,-1.0,0.0,0.0,1.0,1.0,1.0,True,False,1.0,NORMAL,,,,,UNKNOWN,,,,,,,UNKNOWN,,,,,,,UNKNOWN,,,,,,,UNKNOWN,,,,,,,UNKNOWN,,,17.4,-36.85,54.5,0.0,1.0,0.0,-1.0,0.0,0.0,0.0,0.0,1.0
121,AR_1BR_A_1,AR_1BR_A_1.rvt : 381 : location <Not Shared>,1320081,26.400001,-8.4,54.5,NORTH,90.0,90.0,90.0,11.8368,78.1632,-0.0,1.0,0.0,1.0,1.0,1.0,True,True,-1.0,MIRROR,,,,,UNKNOWN,,,,,,,UNKNOWN,,,,,,,UNKNOWN,,,,,,,UNKNOWN,,,,,,,UNKNOWN,,,26.400001,-8.4,54.5,-1.0,-0.0,0.0,-0.0,1.0,0.0,0.0,0.0,1.0
122,AR_1BR_B,AR_1BR_B.rvt : 382 : location <Not Shared>,1320082,19.250001,-13.81,54.5,WEST,180.0,180.0,-180.0,101.8368,78.1632,-1.0,-0.0,0.0,1.0,1.0,1.0,True,True,-1.0,MIRROR,,,,,UNKNOWN,,,,,,,UNKNOWN,,,,,,,UNKNOWN,,,,,,,UNKNOWN,,,,,,,UNKNOWN,,,19.250001,-13.81,54.5,0.0,-1.0,0.0,-1.0,-0.0,0.0,0.0,0.0,1.0
123,AR_2BR_B_1,AR_2BR_B_1.rvt : 384 : location <Not Shared>,1320083,17.400001,0.15,54.5,WEST,180.0,180.0,-180.0,101.8368,78.1632,-1.0,-0.0,0.0,1.0,1.0,1.0,True,True,-1.0,MIRROR,,,,,UNKNOWN,,,,,,,UNKNOWN,,,,,,,UNKNOWN,,,,,,,UNKNOWN,,,,,,,UNKNOWN,,,17.400001,0.15,54.5,0.0,-1.0,0.0,-1.0,-0.0,0.0,0.0,0.0,1.0
124,AR_2BR_B_1,AR_2BR_B_1.rvt : 385 : location <Not Shared>,1320084,35.4,-36.85,54.5,EAST,0.0,0.0,0.0,281.8368,78.1632,1.0,0.0,0.0,1.0,1.0,1.0,True,True,-1.0,MIRROR,,,,,UNKNOWN,,,,,,,UNKNOWN,,,,,,,UNKNOWN,,,,,,,UNKNOWN,,,,,,,UNKNOWN,,,35.4,-36.85,54.5,-0.0,1.0,0.0,1.0,0.0,0.0,0.0,0.0,1.0
125,AR_3BR_A_1,AR_3BR_A_1.rvt : 386 : location <Not Shared>,1320085,17.4,-28.3,54.5,SOUTH,270.0,270.0,-90.0,191.8368,78.1632,0.0,-1.0,0.0,1.0,1.0,1.0,True,True,-1.0,MIRROR,,,,,UNKNOWN,,,,,,,UNKNOWN,,,,,,,UNKNOWN,,,,,,,UNKNOWN,,,,,,,UNKNOWN,,,17.4,-28.3,54.5,1.0,0.0,0.0,0.0,-1.0,0.0,0.0,0.0,1.0
126,AR_1BR_A_1,AR_1BR_A_1.rvt : 387 : location <Not Shared>,1320086,26.399999,-8.4,57.9,NORTH,90.0,90.0,90.0,11.836799,78.1632,0.0,1.0,0.0,1.0,1.0,1.0,True,False,1.0,NORMAL,,,,,UNKNOWN,,,,,,,UNKNOWN,,,,,,,UNKNOWN,,,,,,,UNKNOWN,,,,,,,UNKNOWN,,,26.399999,-8.4,57.9,1.0,-0.0,0.0,0.0,1.0,0.0,0.0,0.0,1.0
127,AR_1BR_B,AR_1BR_B.rvt : 388 : location <Not Shared>,1320087,33.549999,-13.81,57.9,EAST,0.0,0.0,-0.0,281.836799,78.1632,1.0,-0.0,0.0,1.0,1.0,1.0,True,False,1.0,NORMAL,,,,,UNKNOWN,,,,,,,UNKNOWN,,,,,,,UNKNOWN,,,,,,,UNKNOWN,,,,,,,UNKNOWN,,,33.549999,-13.81,57.9,-0.0,-1.0,0.0,1.0,-0.0,0.0,0.0,0.0,1.0
128,AR_2BR_B_1,AR_2BR_B_1.rvt : 389 : location <Not Shared>,1320088,35.399999,0.15,57.9,EAST,0.0,0.0,-0.0,281.836799,78.1632,1.0,-0.0,0.0,1.0,1.0,1.0,True,False,1.0,NORMAL,,,,,UNKNOWN,,,,,,,UNKNOWN,,,,,,,UNKNOWN,,,,,,,UNKNOWN,,,,,,,UNKNOWN,,,35.399999,0.15,57.9,-0.0,-1.0,0.0,1.0,-0.0,0.0,0.0,0.0,1.0
129,AR_2BR_B_1,AR_2BR_B_1.rvt : 390 : location <Not Shared>,1320089,17.4,-36.85,57.9,WEST,180.0,180.0,180.0,101.836799,78.1632,-1.0,0.0,0.0,1.0,1.0,1.0,True,False,1.0,NORMAL,,,,,UNKNOWN,,,,,,,UNKNOWN,,,,,,,UNKNOWN,,,,,,,UNKNOWN,,,,,,,UNKNOWN,,,17.4,-36.85,57.9,0.0,1.0,0.0,-1.0,0.0,0.0,0.0,0.0,1.0
130,AR_1BR_A_1,AR_1BR_A_1.rvt : 391 : location <Not Shared>,1320090,26.400001,-8.4,57.9,NORTH,90.0,90.0,90.0,11.8368,78.1632,-0.0,1.0,0.0,1.0,1.0,1.0,True,True,-1.0,MIRROR,,,,,UNKNOWN,,,,,,,UNKNOWN,,,,,,,UNKNOWN,,,,,,,UNKNOWN,,,,,,,UNKNOWN,,,26.400001,-8.4,57.9,-1.0,-0.0,0.0,-0.0,1.0,0.0,0.0,0.0,1.0
131,AR_1BR_B,AR_1BR_B.rvt : 392 : location <Not Shared>,1320091,19.250001,-13.81,57.9,WEST,180.0,180.0,-180.0,101.8368,78.1632,-1.0,-0.0,0.0,1.0,1.0,1.0,True,True,-1.0,MIRROR,,,,,UNKNOWN,,,,,,,UNKNOWN,,,,,,,UNKNOWN,,,,,,,UNKNOWN,,,,,,,UNKNOWN,,,19.250001,-13.81,57.9,0.0,-1.0,0.0,-1.0,-0.0,0.0,0.0,0.0,1.0
132,AR_2BR_B_1,AR_2BR_B_1.rvt : 393 : location <Not Shared>,1320092,17.400001,0.15,57.9,WEST,180.0,180.0,-180.0,101.8368,78.1632,-1.0,-0.0,0.0,1.0,1.0,1.0,True,True,-1.0,MIRROR,,,,,UNKNOWN,,,,,,,UNKNOWN,,,,,,,UNKNOWN,,,,,,,UNKNOWN,,,,,,,UNKNOWN,,,17.400001,0.15,57.9,0.0,-1.0,0.0,-1.0,-0.0,0.0,0.0,0.0,1.0
133,AR_2BR_B_1,AR_2BR_B_1.rvt : 394 : location <Not Shared>,1320093,35.4,-36.85,57.9,EAST,0.0,0.0,0.0,281.8368,78.1632,1.0,0.0,0.0,1.0,1.0,1.0,True,True,-1.0,MIRROR,,,,,UNKNOWN,,,,,,,UNKNOWN,,,,,,,UNKNOWN,,,,,,,UNKNOWN,,,,,,,UNKNOWN,,,35.4,-36.85,57.9,-0.0,1.0,0.0,1.0,0.0,0.0,0.0,0.0,1.0
134,AR_3BR_A_1,AR_3BR_A_1.rvt : 395 : location <Not Shared>,1320094,17.4,-28.3,57.9,SOUTH,270.0,270.0,-90.0,191.8368,78.1632,0.0,-1.0,0.0,1.0,1.0,1.0,True,True,-1.0,MIRROR,,,,,UNKNOWN,,,,,,,UNKNOWN,,,,,,,UNKNOWN,,,,,,,UNKNOWN,,,,,,,UNKNOWN,,,17.4,-28.3,57.9,1.0,0.0,0.0,0.0,-1.0,0.0,0.0,0.0,1.0
135,AR_1BR_A_1,AR_1BR_A_1.rvt : 396 : location <Not Shared>,1320095,26.399999,-8.4,61.3,NORTH,90.0,90.0,90.0,11.836799,78.1632,0.0,1.0,0.0,1.0,1.0,1.0,True,False,1.0,NORMAL,,,,,UNKNOWN,,,,,,,UNKNOWN,,,,,,,UNKNOWN,,,,,,,UNKNOWN,,,,,,,UNKNOWN,,,26.399999,-8.4,61.3,1.0,-0.0,0.0,0.0,1.0,0.0,0.0,0.0,1.0
136,AR_1BR_B,AR_1BR_B.rvt : 397 : location <Not Shared>,1320096,33.549999,-13.81,61.3,EAST,0.0,0.0,-0.0,281.836799,78.1632,1.0,-0.0,0.0,1.0,1.0,1.0,True,False,1.0,NORMAL,,,,,UNKNOWN,,,,,,,UNKNOWN,,,,,,,UNKNOWN,,,,,,,UNKNOWN,,,,,,,UNKNOWN,,,33.549999,-13.81,61.3,-0.0,-1.0,0.0,1.0,-0.0,0.0,0.0,0.0,1.0
137,AR_2BR_B_1,AR_2BR_B_1.rvt : 398 : location <Not Shared>,1320097,35.399999,0.15,61.3,EAST,0.0,0.0,-0.0,281.836799,78.1632,1.0,-0.0,0.0,1.0,1.0,1.0,True,False,1.0,NORMAL,,,,,UNKNOWN,,,,,,,UNKNOWN,,,,,,,UNKNOWN,,,,,,,UNKNOWN,,,,,,,UNKNOWN,,,35.399999,0.15,61.3,-0.0,-1.0,0.0,1.0,-0.0,0.0,0.0,0.0,1.0
138,AR_2BR_B_1,AR_2BR_B_1.rvt : 399 : location <Not Shared>,1320098,17.4,-36.85,61.3,WEST,180.0,180.0,180.0,101.836799,78.1632,-1.0,0.0,0.0,1.0,1.0,1.0,True,False,1.0,NORMAL,,,,,UNKNOWN,,,,,,,UNKNOWN,,,,,,,UNKNOWN,,,,,,,UNKNOWN,,,,,,,UNKNOWN,,,17.4,-36.85,61.3,0.0,1.0,0.0,-1.0,0.0,0.0,0.0,0.0,1.0
139,AR_1BR_A_1,AR_1BR_A_1.rvt : 400 : location <Not Shared>,1320099,26.400001,-8.4,61.3,NORTH,90.0,90.0,90.0,11.8368,78.1632,-0.0,1.0,0.0,1.0,1.0,1.0,True,True,-1.0,MIRROR,,,,,UNKNOWN,,,,,,,UNKNOWN,,,,,,,UNKNOWN,,,,,,,UNKNOWN,,,,,,,UNKNOWN,,,26.400001,-8.4,61.3,-1.0,-0.0,0.0,-0.0,1.0,0.0,0.0,0.0,1.0
140,AR_1BR_B,AR_1BR_B.rvt : 401 : location <Not Shared>,1320100,19.250001,-13.81,61.3,WEST,180.0,180.0,-180.0,101.8368,78.1632,-1.0,-0.0,0.0,1.0,1.0,1.0,True,True,-1.0,MIRROR,,,,,UNKNOWN,,,,,,,UNKNOWN,,,,,,,UNKNOWN,,,,,,,UNKNOWN,,,,,,,UNKNOWN,,,19.250001,-13.81,61.3,0.0,-1.0,0.0,-1.0,-0.0,0.0,0.0,0.0,1.0
141,AR_2BR_B_1,AR_2BR_B_1.rvt : 402 : location <Not Shared>,1320101,17.400001,0.15,61.3,WEST,180.0,180.0,-180.0,101.8368,78.1632,-1.0,-0.0,0.0,1.0,1.0,1.0,True,True,-1.0,MIRROR,,,,,UNKNOWN,,,,,,,UNKNOWN,,,,,,,UNKNOWN,,,,,,,UNKNOWN,,,,,,,UNKNOWN,,,17.400001,0.15,61.3,0.0,-1.0,0.0,-1.0,-0.0,0.0,0.0,0.0,1.0
142,AR_2BR_B_1,AR_2BR_B_1.rvt : 403 : location <Not Shared>,1320102,35.4,-36.85,61.3,EAST,0.0,0.0,0.0,281.8368,78.1632,1.0,0.0,0.0,1.0,1.0,1.0,True,True,-1.0,MIRROR,,,,,UNKNOWN,,,,,,,UNKNOWN,,,,,,,UNKNOWN,,,,,,,UNKNOWN,,,,,,,UNKNOWN,,,35.4,-36.85,61.3,-0.0,1.0,0.0,1.0,0.0,0.0,0.0,0.0,1.0
143,AR_3BR_A_1,AR_3BR_A_1.rvt : 404 : location <Not Shared>,1320103,17.4,-28.3,61.3,SOUTH,270.0,270.0,-90.0,191.8368,78.1632,0.0,-1.0,0.0,1.0,1.0,1.0,True,True,-1.0,MIRROR,,,,,UNKNOWN,,,,,,,UNKNOWN,,,,,,,UNKNOWN,,,,,,,UNKNOWN,,,,,,,UNKNOWN,,,17.4,-28.3,61.3,1.0,0.0,0.0,0.0,-1.0,0.0,0.0,0.0,1.0
144,AR_1BR_A_1,AR_1BR_A_1.rvt : 405 : location <Not Shared>,1320104,26.399999,-8.4,64.7,NORTH,90.0,90.0,90.0,11.836799,78.1632,0.0,1.0,0.0,1.0,1.0,1.0,True,False,1.0,NORMAL,,,,,UNKNOWN,,,,,,,UNKNOWN,,,,,,,UNKNOWN,,,,,,,UNKNOWN,,,,,,,UNKNOWN,,,26.399999,-8.4,64.7,1.0,-0.0,0.0,0.0,1.0,0.0,0.0,0.0,1.0
145,AR_1BR_B,AR_1BR_B.rvt : 406 : location <Not Shared>,1320105,33.549999,-13.81,64.7,EAST,0.0,0.0,-0.0,281.836799,78.1632,1.0,-0.0,0.0,1.0,1.0,1.0,True,False,1.0,NORMAL,,,,,UNKNOWN,,,,,,,UNKNOWN,,,,,,,UNKNOWN,,,,,,,UNKNOWN,,,,,,,UNKNOWN,,,33.549999,-13.81,64.7,-0.0,-1.0,0.0,1.0,-0.0,0.0,0.0,0.0,1.0
146,AR_2BR_B_1,AR_2BR_B_1.rvt : 407 : location <Not Shared>,1320106,35.399999,0.15,64.7,EAST,0.0,0.0,-0.0,281.836799,78.1632,1.0,-0.0,0.0,1.0,1.0,1.0,True,False,1.0,NORMAL,,,,,UNKNOWN,,,,,,,UNKNOWN,,,,,,,UNKNOWN,,,,,,,UNKNOWN,,,,,,,UNKNOWN,,,35.399999,0.15,64.7,-0.0,-1.0,0.0,1.0,-0.0,0.0,0.0,0.0,1.0
147,AR_2BR_B_1,AR_2BR_B_1.rvt : 408 : location <Not Shared>,1320107,17.4,-36.85,64.7,WEST,180.0,180.0,180.0,101.836799,78.1632,-1.0,0.0,0.0,1.0,1.0,1.0,True,False,1.0,NORMAL,,,,,UNKNOWN,,,,,,,UNKNOWN,,,,,,,UNKNOWN,,,,,,,UNKNOWN,,,,,,,UNKNOWN,,,17.4,-36.85,64.7,0.0,1.0,0.0,-1.0,0.0,0.0,0.0,0.0,1.0
148,AR_1BR_A_1,AR_1BR_A_1.rvt : 409 : location <Not Shared>,1320108,26.400001,-8.4,64.7,NORTH,90.0,90.0,90.0,11.8368,78.1632,-0.0,1.0,0.0,1.0,1.0,1.0,True,True,-1.0,MIRROR,,,,,UNKNOWN,,,,,,,UNKNOWN,,,,,,,UNKNOWN,,,,,,,UNKNOWN,,,,,,,UNKNOWN,,,26.400001,-8.4,64.7,-1.0,-0.0,0.0,-0.0,1.0,0.0,0.0,0.0,1.0
149,AR_1BR_B,AR_1BR_B.rvt : 410 : location <Not Shared>,1320109,19.250001,-13.81,64.7,WEST,180.0,180.0,-180.0,101.8368,78.1632,-1.0,-0.0,0.0,1.0,1.0,1.0,True,True,-1.0,MIRROR,,,,,UNKNOWN,,,,,,,UNKNOWN,,,,,,,UNKNOWN,,,,,,,UNKNOWN,,,,,,,UNKNOWN,,,19.250001,-13.81,64.7,0.0,-1.0,0.0,-1.0,-0.0,0.0,0.0,0.0,1.0
150,AR_2BR_B_1,AR_2BR_B_1.rvt : 411 : location <Not Shared>,1320110,17.400001,0.15,64.7,WEST,180.0,180.0,-180.0,101.8368,78.1632,-1.0,-0.0,0.0,1.0,1.0,1.0,True,True,-1.0,MIRROR,,,,,UNKNOWN,,,,,,,UNKNOWN,,,,,,,UNKNOWN,,,,,,,UNKNOWN,,,,,,,UNKNOWN,,,17.400001,0.15,64.7,0.0,-1.0,0.0,-1.0,-0.0,0.0,0.0,0.0,1.0
151,AR_2BR_B_1,AR_2BR_B_1.rvt : 412 : location <Not Shared>,1320111,35.4,-36.85,64.7,EAST,0.0,0.0,0.0,281.8368,78.1632,1.0,0.0,0.0,1.0,1.0,1.0,True,True,-1.0,MIRROR,,,,,UNKNOWN,,,,,,,UNKNOWN,,,,,,,UNKNOWN,,,,,,,UNKNOWN,,,,,,,UNKNOWN,,,35.4,-36.85,64.7,-0.0,1.0,0.0,1.0,0.0,0.0,0.0,0.0,1.0
152,AR_3BR_A_1,AR_3BR_A_1.rvt : 413 : location <Not Shared>,1320112,17.4,-28.3,64.7,SOUTH,270.0,270.0,-90.0,191.8368,78.1632,0.0,-1.0,0.0,1.0,1.0,1.0,True,True,-1.0,MIRROR,,,,,UNKNOWN,,,,,,,UNKNOWN,,,,,,,UNKNOWN,,,,,,,UNKNOWN,,,,,,,UNKNOWN,,,17.4,-28.3,64.7,1.0,0.0,0.0,0.0,-1.0,0.0,0.0,0.0,1.0
153,AR_1BR_A_1,AR_1BR_A_1.rvt : 414 : location <Not Shared>,1320113,26.399999,-8.4,68.1,NORTH,90.0,90.0,90.0,11.836799,78.1632,0.0,1.0,0.0,1.0,1.0,1.0,True,False,1.0,NORMAL,,,,,UNKNOWN,,,,,,,UNKNOWN,,,,,,,UNKNOWN,,,,,,,UNKNOWN,,,,,,,UNKNOWN,,,26.399999,-8.4,68.1,1.0,-0.0,0.0,0.0,1.0,0.0,0.0,0.0,1.0
154,AR_1BR_B,AR_1BR_B.rvt : 415 : location <Not Shared>,1320114,33.549999,-13.81,68.1,EAST,0.0,0.0,-0.0,281.836799,78.1632,1.0,-0.0,0.0,1.0,1.0,1.0,True,False,1.0,NORMAL,,,,,UNKNOWN,,,,,,,UNKNOWN,,,,,,,UNKNOWN,,,,,,,UNKNOWN,,,,,,,UNKNOWN,,,33.549999,-13.81,68.1,-0.0,-1.0,0.0,1.0,-0.0,0.0,0.0,0.0,1.0
155,AR_2BR_B_1,AR_2BR_B_1.rvt : 416 : location <Not Shared>,1320115,35.399999,0.15,68.1,EAST,0.0,0.0,-0.0,281.836799,78.1632,1.0,-0.0,0.0,1.0,1.0,1.0,True,False,1.0,NORMAL,,,,,UNKNOWN,,,,,,,UNKNOWN,,,,,,,UNKNOWN,,,,,,,UNKNOWN,,,,,,,UNKNOWN,,,35.399999,0.15,68.1,-0.0,-1.0,0.0,1.0,-0.0,0.0,0.0,0.0,1.0
156,AR_2BR_B_1,AR_2BR_B_1.rvt : 417 : location <Not Shared>,1320116,17.4,-36.85,68.1,WEST,180.0,180.0,180.0,101.836799,78.1632,-1.0,0.0,0.0,1.0,1.0,1.0,True,False,1.0,NORMAL,,,,,UNKNOWN,,,,,,,UNKNOWN,,,,,,,UNKNOWN,,,,,,,UNKNOWN,,,,,,,UNKNOWN,,,17.4,-36.85,68.1,0.0,1.0,0.0,-1.0,0.0,0.0,0.0,0.0,1.0
157,AR_1BR_A_1,AR_1BR_A_1.rvt : 418 : location <Not Shared>,1320117,26.400001,-8.4,68.1,NORTH,90.0,90.0,90.0,11.8368,78.1632,-0.0,1.0,0.0,1.0,1.0,1.0,True,True,-1.0,MIRROR,,,,,UNKNOWN,,,,,,,UNKNOWN,,,,,,,UNKNOWN,,,,,,,UNKNOWN,,,,,,,UNKNOWN,,,26.400001,-8.4,68.1,-1.0,-0.0,0.0,-0.0,1.0,0.0,0.0,0.0,1.0
158,AR_1BR_B,AR_1BR_B.rvt : 419 : location <Not Shared>,1320118,19.250001,-13.81,68.1,WEST,180.0,180.0,-180.0,101.8368,78.1632,-1.0,-0.0,0.0,1.0,1.0,1.0,True,True,-1.0,MIRROR,,,,,UNKNOWN,,,,,,,UNKNOWN,,,,,,,UNKNOWN,,,,,,,UNKNOWN,,,,,,,UNKNOWN,,,19.250001,-13.81,68.1,0.0,-1.0,0.0,-1.0,-0.0,0.0,0.0,0.0,1.0
159,AR_2BR_B_1,AR_2BR_B_1.rvt : 420 : location <Not Shared>,1320119,17.400001,0.15,68.1,WEST,180.0,180.0,-180.0,101.8368,78.1632,-1.0,-0.0,0.0,1.0,1.0,1.0,True,True,-1.0,MIRROR,,,,,UNKNOWN,,,,,,,UNKNOWN,,,,,,,UNKNOWN,,,,,,,UNKNOWN,,,,,,,UNKNOWN,,,17.400001,0.15,68.1,0.0,-1.0,0.0,-1.0,-0.0,0.0,0.0,0.0,1.0
160,AR_2BR_B_1,AR_2BR_B_1.rvt : 421 : location <Not Shared>,1320120,35.4,-36.85,68.1,EAST,0.0,0.0,0.0,281.8368,78.1632,1.0,0.0,0.0,1.0,1.0,1.0,True,True,-1.0,MIRROR,,,,,UNKNOWN,,,,,,,UNKNOWN,,,,,,,UNKNOWN,,,,,,,UNKNOWN,,,,,,,UNKNOWN,,,35.4,-36.85,68.1,-0.0,1.0,0.0,1.0,0.0,0.0,0.0,0.0,1.0
161,AR_3BR_A_1,AR_3BR_A_1.rvt : 422 : location <Not Shared>,1320121,17.4,-28.3,68.1,SOUTH,270.0,270.0,-90.0,191.8368,78.1632,0.0,-1.0,0.0,1.0,1.0,1.0,True,True,-1.0,MIRROR,,,,,UNKNOWN,,,,,,,UNKNOWN,,,,,,,UNKNOWN,,,,,,,UNKNOWN,,,,,,,UNKNOWN,,,17.4,-28.3,68.1,1.0,0.0,0.0,0.0,-1.0,0.0,0.0,0.0,1.0
162,AR_1BR_A_1,AR_1BR_A_1.rvt : 423 : location <Not Shared>,1320122,26.399999,-8.4,71.5,NORTH,90.0,90.0,90.0,11.836799,78.1632,0.0,1.0,0.0,1.0,1.0,1.0,True,False,1.0,NORMAL,,,,,UNKNOWN,,,,,,,UNKNOWN,,,,,,,UNKNOWN,,,,,,,UNKNOWN,,,,,,,UNKNOWN,,,26.399999,-8.4,71.5,1.0,-0.0,0.0,0.0,1.0,0.0,0.0,0.0,1.0
163,AR_1BR_B,AR_1BR_B.rvt : 424 : location <Not Shared>,1320123,33.549999,-13.81,71.5,EAST,0.0,0.0,-0.0,281.836799,78.1632,1.0,-0.0,0.0,1.0,1.0,1.0,True,False,1.0,NORMAL,,,,,UNKNOWN,,,,,,,UNKNOWN,,,,,,,UNKNOWN,,,,,,,UNKNOWN,,,,,,,UNKNOWN,,,33.549999,-13.81,71.5,-0.0,-1.0,0.0,1.0,-0.0,0.0,0.0,0.0,1.0
164,AR_2BR_B_1,AR_2BR_B_1.rvt : 425 : location <Not Shared>,1320124,35.399999,0.15,71.5,EAST,0.0,0.0,-0.0,281.836799,78.1632,1.0,-0.0,0.0,1.0,1.0,1.0,True,False,1.0,NORMAL,,,,,UNKNOWN,,,,,,,UNKNOWN,,,,,,,UNKNOWN,,,,,,,UNKNOWN,,,,,,,UNKNOWN,,,35.399999,0.15,71.5,-0.0,-1.0,0.0,1.0,-0.0,0.0,0.0,0.0,1.0
165,AR_2BR_B_1,AR_2BR_B_1.rvt : 426 : location <Not Shared>,1320125,17.4,-36.85,71.5,WEST,180.0,180.0,180.0,101.836799,78.1632,-1.0,0.0,0.0,1.0,1.0,1.0,True,False,1.0,NORMAL,,,,,UNKNOWN,,,,,,,UNKNOWN,,,,,,,UNKNOWN,,,,,,,UNKNOWN,,,,,,,UNKNOWN,,,17.4,-36.85,71.5,0.0,1.0,0.0,-1.0,0.0,0.0,0.0,0.0,1.0
166,AR_1BR_A_1,AR_1BR_A_1.rvt : 427 : location <Not Shared>,1320126,26.400001,-8.4,71.5,NORTH,90.0,90.0,90.0,11.8368,78.1632,-0.0,1.0,0.0,1.0,1.0,1.0,True,True,-1.0,MIRROR,,,,,UNKNOWN,,,,,,,UNKNOWN,,,,,,,UNKNOWN,,,,,,,UNKNOWN,,,,,,,UNKNOWN,,,26.400001,-8.4,71.5,-1.0,-0.0,0.0,-0.0,1.0,0.0,0.0,0.0,1.0
167,AR_1BR_B,AR_1BR_B.rvt : 428 : location <Not Shared>,1320127,19.250001,-13.81,71.5,WEST,180.0,180.0,-180.0,101.8368,78.1632,-1.0,-0.0,0.0,1.0,1.0,1.0,True,True,-1.0,MIRROR,,,,,UNKNOWN,,,,,,,UNKNOWN,,,,,,,UNKNOWN,,,,,,,UNKNOWN,,,,,,,UNKNOWN,,,19.250001,-13.81,71.5,0.0,-1.0,0.0,-1.0,-0.0,0.0,0.0,0.0,1.0
168,AR_2BR_B_1,AR_2BR_B_1.rvt : 429 : location <Not Shared>,1320128,17.400001,0.15,71.5,WEST,180.0,180.0,-180.0,101.8368,78.1632,-1.0,-0.0,0.0,1.0,1.0,1.0,True,True,-1.0,MIRROR,,,,,UNKNOWN,,,,,,,UNKNOWN,,,,,,,UNKNOWN,,,,,,,UNKNOWN,,,,,,,UNKNOWN,,,17.400001,0.15,71.5,0.0,-1.0,0.0,-1.0,-0.0,0.0,0.0,0.0,1.0
169,AR_2BR_B_1,AR_2BR_B_1.rvt : 430 : location <Not Shared>,1320129,35.4,-36.85,71.5,EAST,0.0,0.0,0.0,281.8368,78.1632,1.0,0.0,0.0,1.0,1.0,1.0,True,True,-1.0,MIRROR,,,,,UNKNOWN,,,,,,,UNKNOWN,,,,,,,UNKNOWN,,,,,,,UNKNOWN,,,,,,,UNKNOWN,,,35.4,-36.85,71.5,-0.0,1.0,0.0,1.0,0.0,0.0,0.0,0.0,1.0
170,AR_3BR_A_1,AR_3BR_A_1.rvt : 431 : location <Not Shared>,1320130,17.4,-28.3,71.5,SOUTH,270.0,270.0,-90.0,191.8368,78.1632,0.0,-1.0,0.0,1.0,1.0,1.0,True,True,-1.0,MIRROR,,,,,UNKNOWN,,,,,,,UNKNOWN,,,,,,,UNKNOWN,,,,,,,UNKNOWN,,,,,,,UNKNOWN,,,17.4,-28.3,71.5,1.0,0.0,0.0,0.0,-1.0,0.0,0.0,0.0,1.0
171,AR_1BR_A_1,AR_1BR_A_1.rvt : 432 : location <Not Shared>,1320131,26.399999,-8.4,74.9,NORTH,90.0,90.0,90.0,11.836799,78.1632,0.0,1.0,0.0,1.0,1.0,1.0,True,False,1.0,NORMAL,,,,,UNKNOWN,,,,,,,UNKNOWN,,,,,,,UNKNOWN,,,,,,,UNKNOWN,,,,,,,UNKNOWN,,,26.399999,-8.4,74.9,1.0,-0.0,0.0,0.0,1.0,0.0,0.0,0.0,1.0
172,AR_1BR_B,AR_1BR_B.rvt : 433 : location <Not Shared>,1320132,33.549999,-13.81,74.9,EAST,0.0,0.0,-0.0,281.836799,78.1632,1.0,-0.0,0.0,1.0,1.0,1.0,True,False,1.0,NORMAL,,,,,UNKNOWN,,,,,,,UNKNOWN,,,,,,,UNKNOWN,,,,,,,UNKNOWN,,,,,,,UNKNOWN,,,33.549999,-13.81,74.9,-0.0,-1.0,0.0,1.0,-0.0,0.0,0.0,0.0,1.0
173,AR_2BR_B_1,AR_2BR_B_1.rvt : 434 : location <Not Shared>,1320133,35.399999,0.15,74.9,EAST,0.0,0.0,-0.0,281.836799,78.1632,1.0,-0.0,0.0,1.0,1.0,1.0,True,False,1.0,NORMAL,,,,,UNKNOWN,,,,,,,UNKNOWN,,,,,,,UNKNOWN,,,,,,,UNKNOWN,,,,,,,UNKNOWN,,,35.399999,0.15,74.9,-0.0,-1.0,0.0,1.0,-0.0,0.0,0.0,0.0,1.0
174,AR_2BR_B_1,AR_2BR_B_1.rvt : 435 : location <Not Shared>,1320134,17.4,-36.85,74.9,WEST,180.0,180.0,180.0,101.836799,78.1632,-1.0,0.0,0.0,1.0,1.0,1.0,True,False,1.0,NORMAL,,,,,UNKNOWN,,,,,,,UNKNOWN,,,,,,,UNKNOWN,,,,,,,UNKNOWN,,,,,,,UNKNOWN,,,17.4,-36.85,74.9,0.0,1.0,0.0,-1.0,0.0,0.0,0.0,0.0,1.0
175,AR_1BR_A_1,AR_1BR_A_1.rvt : 436 : location <Not Shared>,1320135,26.400001,-8.4,74.9,NORTH,90.0,90.0,90.0,11.8368,78.1632,-0.0,1.0,0.0,1.0,1.0,1.0,True,True,-1.0,MIRROR,,,,,UNKNOWN,,,,,,,UNKNOWN,,,,,,,UNKNOWN,,,,,,,UNKNOWN,,,,,,,UNKNOWN,,,26.400001,-8.4,74.9,-1.0,-0.0,0.0,-0.0,1.0,0.0,0.0,0.0,1.0
176,AR_1BR_B,AR_1BR_B.rvt : 437 : location <Not Shared>,1320136,19.250001,-13.81,74.9,WEST,180.0,180.0,-180.0,101.8368,78.1632,-1.0,-0.0,0.0,1.0,1.0,1.0,True,True,-1.0,MIRROR,,,,,UNKNOWN,,,,,,,UNKNOWN,,,,,,,UNKNOWN,,,,,,,UNKNOWN,,,,,,,UNKNOWN,,,19.250001,-13.81,74.9,0.0,-1.0,0.0,-1.0,-0.0,0.0,0.0,0.0,1.0
177,AR_2BR_B_1,AR_2BR_B_1.rvt : 438 : location <Not Shared>,1320137,17.400001,0.15,74.9,WEST,180.0,180.0,-180.0,101.8368,78.1632,-1.0,-0.0,0.0,1.0,1.0,1.0,True,True,-1.0,MIRROR,,,,,UNKNOWN,,,,,,,UNKNOWN,,,,,,,UNKNOWN,,,,,,,UNKNOWN,,,,,,,UNKNOWN,,,17.400001,0.15,74.9,0.0,-1.0,0.0,-1.0,-0.0,0.0,0.0,0.0,1.0
178,AR_2BR_B_1,AR_2BR_B_1.rvt : 439 : location <Not Shared>,1320138,35.4,-36.85,74.9,EAST,0.0,0.0,0.0,281.8368,78.1632,1.0,0.0,0.0,1.0,1.0,1.0,True,True,-1.0,MIRROR,,,,,UNKNOWN,,,,,,,UNKNOWN,,,,,,,UNKNOWN,,,,,,,UNKNOWN,,,,,,,UNKNOWN,,,35.4,-36.85,74.9,-0.0,1.0,0.0,1.0,0.0,0.0,0.0,0.0,1.0
179,AR_3BR_A_1,AR_3BR_A_1.rvt : 440 : location <Not Shared>,1320139,17.4,-28.3,74.9,SOUTH,270.0,270.0,-90.0,191.8368,78.1632,0.0,-1.0,0.0,1.0,1.0,1.0,True,True,-1.0,MIRROR,,,,,UNKNOWN,,,,,,,UNKNOWN,,,,,,,UNKNOWN,,,,,,,UNKNOWN,,,,,,,UNKNOWN,,,17.4,-28.3,74.9,1.0,0.0,0.0,0.0,-1.0,0.0,0.0,0.0,1.0
180,AR_1BR_A_1,AR_1BR_A_1.rvt : 441 : location <Not Shared>,1320140,26.399999,-8.4,78.3,NORTH,90.0,90.0,90.0,11.836799,78.1632,0.0,1.0,0.0,1.0,1.0,1.0,True,False,1.0,NORMAL,,,,,UNKNOWN,,,,,,,UNKNOWN,,,,,,,UNKNOWN,,,,,,,UNKNOWN,,,,,,,UNKNOWN,,,26.399999,-8.4,78.3,1.0,-0.0,0.0,0.0,1.0,0.0,0.0,0.0,1.0
181,AR_1BR_B,AR_1BR_B.rvt : 442 : location <Not Shared>,1320141,33.549999,-13.81,78.3,EAST,0.0,0.0,-0.0,281.836799,78.1632,1.0,-0.0,0.0,1.0,1.0,1.0,True,False,1.0,NORMAL,,,,,UNKNOWN,,,,,,,UNKNOWN,,,,,,,UNKNOWN,,,,,,,UNKNOWN,,,,,,,UNKNOWN,,,33.549999,-13.81,78.3,-0.0,-1.0,0.0,1.0,-0.0,0.0,0.0,0.0,1.0
182,AR_2BR_B_1,AR_2BR_B_1.rvt : 443 : location <Not Shared>,1320142,35.399999,0.15,78.3,EAST,0.0,0.0,-0.0,281.836799,78.1632,1.0,-0.0,0.0,1.0,1.0,1.0,True,False,1.0,NORMAL,,,,,UNKNOWN,,,,,,,UNKNOWN,,,,,,,UNKNOWN,,,,,,,UNKNOWN,,,,,,,UNKNOWN,,,35.399999,0.15,78.3,-0.0,-1.0,0.0,1.0,-0.0,0.0,0.0,0.0,1.0
183,AR_2BR_B_1,AR_2BR_B_1.rvt : 444 : location <Not Shared>,1320143,17.4,-36.85,78.3,WEST,180.0,180.0,180.0,101.836799,78.1632,-1.0,0.0,0.0,1.0,1.0,1.0,True,False,1.0,NORMAL,,,,,UNKNOWN,,,,,,,UNKNOWN,,,,,,,UNKNOWN,,,,,,,UNKNOWN,,,,,,,UNKNOWN,,,17.4,-36.85,78.3,0.0,1.0,0.0,-1.0,0.0,0.0,0.0,0.0,1.0
184,AR_1BR_A_1,AR_1BR_A_1.rvt : 445 : location <Not Shared>,1320144,26.400001,-8.4,78.3,NORTH,90.0,90.0,90.0,11.8368,78.1632,-0.0,1.0,0.0,1.0,1.0,1.0,True,True,-1.0,MIRROR,,,,,UNKNOWN,,,,,,,UNKNOWN,,,,,,,UNKNOWN,,,,,,,UNKNOWN,,,,,,,UNKNOWN,,,26.400001,-8.4,78.3,-1.0,-0.0,0.0,-0.0,1.0,0.0,0.0,0.0,1.0
185,AR_1BR_B,AR_1BR_B.rvt : 446 : location <Not Shared>,1320145,19.250001,-13.81,78.3,WEST,180.0,180.0,-180.0,101.8368,78.1632,-1.0,-0.0,0.0,1.0,1.0,1.0,True,True,-1.0,MIRROR,,,,,UNKNOWN,,,,,,,UNKNOWN,,,,,,,UNKNOWN,,,,,,,UNKNOWN,,,,,,,UNKNOWN,,,19.250001,-13.81,78.3,0.0,-1.0,0.0,-1.0,-0.0,0.0,0.0,0.0,1.0
186,AR_2BR_B_1,AR_2BR_B_1.rvt : 447 : location <Not Shared>,1320146,17.400001,0.15,78.3,WEST,180.0,180.0,-180.0,101.8368,78.1632,-1.0,-0.0,0.0,1.0,1.0,1.0,True,True,-1.0,MIRROR,,,,,UNKNOWN,,,,,,,UNKNOWN,,,,,,,UNKNOWN,,,,,,,UNKNOWN,,,,,,,UNKNOWN,,,17.400001,0.15,78.3,0.0,-1.0,0.0,-1.0,-0.0,0.0,0.0,0.0,1.0
187,AR_2BR_B_1,AR_2BR_B_1.rvt : 448 : location <Not Shared>,1320147,35.4,-36.85,78.3,EAST,0.0,0.0,0.0,281.8368,78.1632,1.0,0.0,0.0,1.0,1.0,1.0,True,True,-1.0,MIRROR,,,,,UNKNOWN,,,,,,,UNKNOWN,,,,,,,UNKNOWN,,,,,,,UNKNOWN,,,,,,,UNKNOWN,,,35.4,-36.85,78.3,-0.0,1.0,0.0,1.0,0.0,0.0,0.0,0.0,1.0
188,AR_3BR_A_1,AR_3BR_A_1.rvt : 449 : location <Not Shared>,1320148,17.4,-28.3,78.3,SOUTH,270.0,270.0,-90.0,191.8368,78.1632,0.0,-1.0,0.0,1.0,1.0,1.0,True,True,-1.0,MIRROR,,,,,UNKNOWN,,,,,,,UNKNOWN,,,,,,,UNKNOWN,,,,,,,UNKNOWN,,,,,,,UNKNOWN,,,17.4,-28.3,78.3,1.0,0.0,0.0,0.0,-1.0,0.0,0.0,0.0,1.0
189,AR_1BR_B,AR_1BR_B.rvt : 16 : location <Not Shared>,1320149,33.549999,-13.81,91.9,EAST,0.0,0.0,-0.0,281.836799,78.1632,1.0,-0.0,0.0,1.0,1.0,1.0,True,False,1.0,NORMAL,,,,,UNKNOWN,,,,,,,UNKNOWN,,,,,,,UNKNOWN,,,,,,,UNKNOWN,,,,,,,UNKNOWN,,,33.549999,-13.81,91.9,-0.0,-1.0,0.0,1.0,-0.0,0.0,0.0,0.0,1.0
190,AR_2BR_B_1,AR_2BR_B_1.rvt : 17 : location <Not Shared>,1320150,17.4,-36.85,91.9,WEST,180.0,180.0,180.0,101.836799,78.1632,-1.0,0.0,0.0,1.0,1.0,1.0,True,False,1.0,NORMAL,,,,,UNKNOWN,,,,,,,UNKNOWN,,,,,,,UNKNOWN,,,,,,,UNKNOWN,,,,,,,UNKNOWN,,,17.4,-36.85,91.9,0.0,1.0,0.0,-1.0,0.0,0.0,0.0,0.0,1.0
191,AR_1BR_B,AR_1BR_B.rvt : 18 : location <Not Shared>,1320151,19.250001,-13.81,91.9,WEST,180.0,180.0,-180.0,101.8368,78.1632,-1.0,-0.0,0.0,1.0,1.0,1.0,True,True,-1.0,MIRROR,,,,,UNKNOWN,,,,,,,UNKNOWN,,,,,,,UNKNOWN,,,,,,,UNKNOWN,,,,,,,UNKNOWN,,,19.250001,-13.81,91.9,0.0,-1.0,0.0,-1.0,-0.0,0.0,0.0,0.0,1.0
192,AR_2BR_B_1,AR_2BR_B_1.rvt : 19 : location <Not Shared>,1320152,35.4,-36.85,91.9,EAST,0.0,0.0,0.0,281.8368,78.1632,1.0,0.0,0.0,1.0,1.0,1.0,True,True,-1.0,MIRROR,,,,,UNKNOWN,,,,,,,UNKNOWN,,,,,,,UNKNOWN,,,,,,,UNKNOWN,,,,,,,UNKNOWN,,,35.4,-36.85,91.9,-0.0,1.0,0.0,1.0,0.0,0.0,0.0,0.0,1.0
193,AR_3BR_A_1,AR_3BR_A_1.rvt : 20 : location <Not Shared>,1320153,17.4,-28.3,91.9,SOUTH,270.0,270.0,-90.0,191.8368,78.1632,0.0,-1.0,0.0,1.0,1.0,1.0,True,True,-1.0,MIRROR,,,,,UNKNOWN,,,,,,,UNKNOWN,,,,,,,UNKNOWN,,,,,,,UNKNOWN,,,,,,,UNKNOWN,,,17.4,-28.3,91.9,1.0,0.0,0.0,0.0,-1.0,0.0,0.0,0.0,1.0
194,AR_1BR_A_1,AR_1BR_A_1.rvt : 21 : location <Not Shared>,1320154,26.399999,-8.4,81.7,NORTH,90.0,90.0,90.0,11.836799,78.1632,0.0,1.0,0.0,1.0,1.0,1.0,True,False,1.0,NORMAL,,,,,UNKNOWN,,,,,,,UNKNOWN,,,,,,,UNKNOWN,,,,,,,UNKNOWN,,,,,,,UNKNOWN,,,26.399999,-8.4,81.7,1.0,-0.0,0.0,0.0,1.0,0.0,0.0,0.0,1.0
195,AR_2BR_B_1,AR_2BR_B_1.rvt : 22 : location <Not Shared>,1320155,35.399999,0.15,81.7,EAST,0.0,0.0,-0.0,281.836799,78.1632,1.0,-0.0,0.0,1.0,1.0,1.0,True,False,1.0,NORMAL,,,,,UNKNOWN,,,,,,,UNKNOWN,,,,,,,UNKNOWN,,,,,,,UNKNOWN,,,,,,,UNKNOWN,,,35.399999,0.15,81.7,-0.0,-1.0,0.0,1.0,-0.0,0.0,0.0,0.0,1.0
196,AR_1BR_A_1,AR_1BR_A_1.rvt : 23 : location <Not Shared>,1320156,26.400001,-8.4,81.7,NORTH,90.0,90.0,90.0,11.8368,78.1632,-0.0,1.0,0.0,1.0,1.0,1.0,True,True,-1.0,MIRROR,,,,,UNKNOWN,,,,,,,UNKNOWN,,,,,,,UNKNOWN,,,,,,,UNKNOWN,,,,,,,UNKNOWN,,,26.400001,-8.4,81.7,-1.0,-0.0,0.0,-0.0,1.0,0.0,0.0,0.0,1.0
197,AR_2BR_B_1,AR_2BR_B_1.rvt : 24 : location <Not Shared>,1320157,17.400001,0.15,81.7,WEST,180.0,180.0,-180.0,101.8368,78.1632,-1.0,-0.0,0.0,1.0,1.0,1.0,True,True,-1.0,MIRROR,,,,,UNKNOWN,,,,,,,UNKNOWN,,,,,,,UNKNOWN,,,,,,,UNKNOWN,,,,,,,UNKNOWN,,,17.400001,0.15,81.7,0.0,-1.0,0.0,-1.0,-0.0,0.0,0.0,0.0,1.0
198,AR_1BR_A_1,AR_1BR_A_1.rvt : 25 : location <Not Shared>,1320158,26.399999,-8.4,85.1,NORTH,90.0,90.0,90.0,11.836799,78.1632,0.0,1.0,0.0,1.0,1.0,1.0,True,False,1.0,NORMAL,,,,,UNKNOWN,,,,,,,UNKNOWN,,,,,,,UNKNOWN,,,,,,,UNKNOWN,,,,,,,UNKNOWN,,,26.399999,-8.4,85.1,1.0,-0.0,0.0,0.0,1.0,0.0,0.0,0.0,1.0
199,AR_1BR_B,AR_1BR_B.rvt : 27 : location <Not Shared>,1320159,33.549999,-13.81,85.1,EAST,0.0,0.0,-0.0,281.836799,78.1632,1.0,-0.0,0.0,1.0,1.0,1.0,True,False,1.0,NORMAL,,,,,UNKNOWN,,,,,,,UNKNOWN,,,,,,,UNKNOWN,,,,,,,UNKNOWN,,,,,,,UNKNOWN,,,33.549999,-13.81,85.1,-0.0,-1.0,0.0,1.0,-0.0,0.0,0.0,0.0,1.0
200,AR_2BR_B_1,AR_2BR_B_1.rvt : 28 : location <Not Shared>,1320160,35.399999,0.15,85.1,EAST,0.0,0.0,-0.0,281.836799,78.1632,1.0,-0.0,0.0,1.0,1.0,1.0,True,False,1.0,NORMAL,,,,,UNKNOWN,,,,,,,UNKNOWN,,,,,,,UNKNOWN,,,,,,,UNKNOWN,,,,,,,UNKNOWN,,,35.399999,0.15,85.1,-0.0,-1.0,0.0,1.0,-0.0,0.0,0.0,0.0,1.0
201,AR_2BR_B_1,AR_2BR_B_1.rvt : 29 : location <Not Shared>,1320161,17.4,-36.85,85.1,WEST,180.0,180.0,180.0,101.836799,78.1632,-1.0,0.0,0.0,1.0,1.0,1.0,True,False,1.0,NORMAL,,,,,UNKNOWN,,,,,,,UNKNOWN,,,,,,,UNKNOWN,,,,,,,UNKNOWN,,,,,,,UNKNOWN,,,17.4,-36.85,85.1,0.0,1.0,0.0,-1.0,0.0,0.0,0.0,0.0,1.0
202,AR_1BR_A_1,AR_1BR_A_1.rvt : 30 : location <Not Shared>,1320162,26.400001,-8.4,85.1,NORTH,90.0,90.0,90.0,11.8368,78.1632,-0.0,1.0,0.0,1.0,1.0,1.0,True,True,-1.0,MIRROR,,,,,UNKNOWN,,,,,,,UNKNOWN,,,,,,,UNKNOWN,,,,,,,UNKNOWN,,,,,,,UNKNOWN,,,26.400001,-8.4,85.1,-1.0,-0.0,0.0,-0.0,1.0,0.0,0.0,0.0,1.0
203,AR_1BR_B,AR_1BR_B.rvt : 32 : location <Not Shared>,1320163,19.250001,-13.81,85.1,WEST,180.0,180.0,-180.0,101.8368,78.1632,-1.0,-0.0,0.0,1.0,1.0,1.0,True,True,-1.0,MIRROR,,,,,UNKNOWN,,,,,,,UNKNOWN,,,,,,,UNKNOWN,,,,,,,UNKNOWN,,,,,,,UNKNOWN,,,19.250001,-13.81,85.1,0.0,-1.0,0.0,-1.0,-0.0,0.0,0.0,0.0,1.0
204,AR_2BR_B_1,AR_2BR_B_1.rvt : 33 : location <Not Shared>,1320164,17.400001,0.15,85.1,WEST,180.0,180.0,-180.0,101.8368,78.1632,-1.0,-0.0,0.0,1.0,1.0,1.0,True,True,-1.0,MIRROR,,,,,UNKNOWN,,,,,,,UNKNOWN,,,,,,,UNKNOWN,,,,,,,UNKNOWN,,,,,,,UNKNOWN,,,17.400001,0.15,85.1,0.0,-1.0,0.0,-1.0,-0.0,0.0,0.0,0.0,1.0
205,AR_2BR_B_1,AR_2BR_B_1.rvt : 34 : location <Not Shared>,1320165,35.4,-36.85,85.1,EAST,0.0,0.0,0.0,281.8368,78.1632,1.0,0.0,0.0,1.0,1.0,1.0,True,True,-1.0,MIRROR,,,,,UNKNOWN,,,,,,,UNKNOWN,,,,,,,UNKNOWN,,,,,,,UNKNOWN,,,,,,,UNKNOWN,,,35.4,-36.85,85.1,-0.0,1.0,0.0,1.0,0.0,0.0,0.0,0.0,1.0
206,AR_3BR_A_1,AR_3BR_A_1.rvt : 35 : location <Not Shared>,1320166,17.4,-28.3,85.1,SOUTH,270.0,270.0,-90.0,191.8368,78.1632,0.0,-1.0,0.0,1.0,1.0,1.0,True,True,-1.0,MIRROR,,,,,UNKNOWN,,,,,,,UNKNOWN,,,,,,,UNKNOWN,,,,,,,UNKNOWN,,,,,,,UNKNOWN,,,17.4,-28.3,85.1,1.0,0.0,0.0,0.0,-1.0,0.0,0.0,0.0,1.0
207,AR_1BR_A_1,AR_1BR_A_1.rvt : 36 : location <Not Shared>,1320167,26.399999,-8.4,88.5,NORTH,90.0,90.0,90.0,11.836799,78.1632,0.0,1.0,0.0,1.0,1.0,1.0,True,False,1.0,NORMAL,,,,,UNKNOWN,,,,,,,UNKNOWN,,,,,,,UNKNOWN,,,,,,,UNKNOWN,,,,,,,UNKNOWN,,,26.399999,-8.4,88.5,1.0,-0.0,0.0,0.0,1.0,0.0,0.0,0.0,1.0
208,AR_1BR_B,AR_1BR_B.rvt : 37 : location <Not Shared>,1320168,33.549999,-13.81,88.5,EAST,0.0,0.0,-0.0,281.836799,78.1632,1.0,-0.0,0.0,1.0,1.0,1.0,True,False,1.0,NORMAL,,,,,UNKNOWN,,,,,,,UNKNOWN,,,,,,,UNKNOWN,,,,,,,UNKNOWN,,,,,,,UNKNOWN,,,33.549999,-13.81,88.5,-0.0,-1.0,0.0,1.0,-0.0,0.0,0.0,0.0,1.0
209,AR_2BR_B_1,AR_2BR_B_1.rvt : 38 : location <Not Shared>,1320169,35.399999,0.15,88.5,EAST,0.0,0.0,-0.0,281.836799,78.1632,1.0,-0.0,0.0,1.0,1.0,1.0,True,False,1.0,NORMAL,,,,,UNKNOWN,,,,,,,UNKNOWN,,,,,,,UNKNOWN,,,,,,,UNKNOWN,,,,,,,UNKNOWN,,,35.399999,0.15,88.5,-0.0,-1.0,0.0,1.0,-0.0,0.0,0.0,0.0,1.0
210,AR_2BR_B_1,AR_2BR_B_1.rvt : 39 : location <Not Shared>,1320170,17.4,-36.85,88.5,WEST,180.0,180.0,180.0,101.836799,78.1632,-1.0,0.0,0.0,1.0,1.0,1.0,True,False,1.0,NORMAL,,,,,UNKNOWN,,,,,,,UNKNOWN,,,,,,,UNKNOWN,,,,,,,UNKNOWN,,,,,,,UNKNOWN,,,17.4,-36.85,88.5,0.0,1.0,0.0,-1.0,0.0,0.0,0.0,0.0,1.0
211,AR_1BR_A_1,AR_1BR_A_1.rvt : 40 : location <Not Shared>,1320171,26.400001,-8.4,88.5,NORTH,90.0,90.0,90.0,11.8368,78.1632,-0.0,1.0,0.0,1.0,1.0,1.0,True,True,-1.0,MIRROR,,,,,UNKNOWN,,,,,,,UNKNOWN,,,,,,,UNKNOWN,,,,,,,UNKNOWN,,,,,,,UNKNOWN,,,26.400001,-8.4,88.5,-1.0,-0.0,0.0,-0.0,1.0,0.0,0.0,0.0,1.0
212,AR_1BR_B,AR_1BR_B.rvt : 41 : location <Not Shared>,1320172,19.250001,-13.81,88.5,WEST,180.0,180.0,-180.0,101.8368,78.1632,-1.0,-0.0,0.0,1.0,1.0,1.0,True,True,-1.0,MIRROR,,,,,UNKNOWN,,,,,,,UNKNOWN,,,,,,,UNKNOWN,,,,,,,UNKNOWN,,,,,,,UNKNOWN,,,19.250001,-13.81,88.5,0.0,-1.0,0.0,-1.0,-0.0,0.0,0.0,0.0,1.0
213,AR_2BR_B_1,AR_2BR_B_1.rvt : 42 : location <Not Shared>,1320173,17.400001,0.15,88.5,WEST,180.0,180.0,-180.0,101.8368,78.1632,-1.0,-0.0,0.0,1.0,1.0,1.0,True,True,-1.0,MIRROR,,,,,UNKNOWN,,,,,,,UNKNOWN,,,,,,,UNKNOWN,,,,,,,UNKNOWN,,,,,,,UNKNOWN,,,17.400001,0.15,88.5,0.0,-1.0,0.0,-1.0,-0.0,0.0,0.0,0.0,1.0
214,AR_2BR_B_1,AR_2BR_B_1.rvt : 43 : location <Not Shared>,1320174,35.4,-36.85,88.5,EAST,0.0,0.0,0.0,281.8368,78.1632,1.0,0.0,0.0,1.0,1.0,1.0,True,True,-1.0,MIRROR,,,,,UNKNOWN,,,,,,,UNKNOWN,,,,,,,UNKNOWN,,,,,,,UNKNOWN,,,,,,,UNKNOWN,,,35.4,-36.85,88.5,-0.0,1.0,0.0,1.0,0.0,0.0,0.0,0.0,1.0
215,AR_3BR_A_1,AR_3BR_A_1.rvt : 44 : location <Not Shared>,1320175,17.4,-28.3,88.5,SOUTH,270.0,270.0,-90.0,191.8368,78.1632,0.0,-1.0,0.0,1.0,1.0,1.0,True,True,-1.0,MIRROR,,,,,UNKNOWN,,,,,,,UNKNOWN,,,,,,,UNKNOWN,,,,,,,UNKNOWN,,,,,,,UNKNOWN,,,17.4,-28.3,88.5,1.0,0.0,0.0,0.0,-1.0,0.0,0.0,0.0,1.0
216,AR_1BR_B,AR_1BR_B.rvt : 8 : location <Not Shared>,1333953,33.549999,-13.81,12.0,EAST,0.0,0.0,-0.0,281.836799,78.1632,1.0,-0.0,0.0,1.0,1.0,1.0,True,False,1.0,NORMAL,,,,,UNKNOWN,,,,,,,UNKNOWN,,,,,,,UNKNOWN,,,,,,,UNKNOWN,,,,,,,UNKNOWN,,,33.549999,-13.81,12.0,-0.0,-1.0,0.0,1.0,-0.0,0.0,0.0,0.0,1.0
